time_s,Crawler Transporter,Rail Platform,Maglev Platform
0.0,0.35497903891879323,0.22713392220734202,0.039629566247039116
0.005,0.2005715774391232,0.4453697009709973,0.07102848476133582
0.01,0.688398586701049,0.4500112207435921,0.07783622235754083
0.015,0.8060225260754614,0.7828725941120496,0.043155101121992334
0.02,0.2382495433793268,0.6930387381478078,0.06010270741884033
0.025,0.40197573658106417,0.4498260752571608,0.01193722898666372
0.03,0.713480763459558,0.4385373900015564,0.05708072251035219
0.035,0.6123782709874318,0.5388213280303787,0.03542740560204735
0.04,0.6640846947422266,0.3505488030469398,0.049934967435471316
0.045,0.47364592855347,0.6392863521166932,0.01680785136198881
0.05,0.8366682068996723,0.5411057856051094,0.06984106496704887
0.055,0.816498922769384,0.5454137500225165,0.026801140219215543
0.06,0.675385524983509,0.6218643435909824,0.07794225031906339
0.065,0.9208908403913647,0.7731426138926591,0.05473792240022006
0.07,0.8042601158890587,0.5444009297375451,0.07271773509948856
0.075,0.546100362876891,0.4783032529235734,0.12796286232105394
0.08,0.8291082625936748,0.6687934975367292,0.12116150073291078
0.085,0.5575241012274026,0.5508530887660228,0.13817415415765968
0.09,0.9483722216895114,0.3353068046407404,0.1485557491405174
0.095,0.7332560161317075,0.3669640917039163,0.09146468025456715
0.1,0.6714169828099932,0.4089626935039813,0.13926472441431115
0.105,0.5182305204878624,0.4826424206188306,0.062088346593093736
0.11,0.8670090128722724,0.32531382245711205,0.10472173623818894
0.115,0.5112904301823373,0.41192118153631707,0.06615426098228855
0.12,0.39407042440791534,0.6328217157144245,0.047087493068778734
0.125,0.3623924439038546,0.750579792145318,0.07608762980024442
0.13,0.5216001512409549,0.9080820287315065,0.07898751805006493
0.135,0.48114054188939814,1.1697696568456954,0.07614219084922759
0.14,0.5155785650460701,1.0973803334640306,0.06024341866792365
0.145,0.574942866337841,1.1454611540543531,0.061060169678823585
0.15,1.0259688713469484,0.9003887408977344,0.07461003249843007
0.155,0.5946807812810614,0.9301160858145214,0.07431739139170852
0.16,0.7053331121540174,0.9794630858472263,0.08447644936740571
0.165,0.7868297215134152,0.874676301812651,0.07993838619941088
0.17,1.2412983093864547,0.5872814330061229,0.09635430055198708
0.17500000000000002,1.4940663216864911,0.6234107317237167,0.03767931298300344
0.18,1.3572222558718907,0.8377164747840248,0.06962529835062707
0.185,1.308552659805884,0.466863294316955,0.03530197386777752
0.19,1.3909688107663083,0.32208601181993657,0.06802269352980717
0.195,1.7550404065076768,0.3472755799452585,0.0935704995509668
0.2,1.7942950285349162,0.33131770534064375,0.03835625796428088
0.20500000000000002,1.743952218821606,0.23376300212620532,0.0485565524284216
0.21,1.4559335657164227,0.1772315804509407,0.06198536116745983
0.215,1.6012347205592472,-0.10119832417170009,-0.0023873239973919813
0.22,1.5207369738247487,-0.11082584504155558,0.038821783423893114
0.225,1.4836247977821435,-0.061447706633687066,0.06757632552690815
0.23,1.5665377938006413,-0.10687274226628035,0.0015429141548687073
0.23500000000000001,1.3781943611382252,-0.17723562061265197,0.05836297595008424
0.24,1.4335271447675006,-0.10436099491139963,0.11931139700846133
0.245,1.2691036473755892,-0.024167654697981104,0.1286809185742454
0.25,1.288100718194537,0.15885318440056137,0.12405850468476948
0.255,1.3346443512755748,0.09194056413846996,0.1438128069376524
0.26,0.8593858260556702,0.2251134415083435,0.1334562748313387
0.265,1.0647382552682128,0.13094343375502127,0.14414033829700332
0.27,0.98279174339616,0.2901286796564654,0.12429985567470865
0.275,0.8816581513289469,0.22232800326240415,0.13352168914602627
0.28,0.8775805541677639,0.20941393991779675,0.11456887067447269
0.28500000000000003,1.1581947689023953,0.07103264809274523,0.15796397639100826
0.29,0.5449249667380841,-0.08636417443673164,0.16429538199968569
0.295,0.820288701046112,-0.3311895452594504,0.1632262640116532
0.3,0.13846216132235345,-0.42420593660706285,0.12590591986181726
0.305,0.3182385519837678,-0.43160568169676083,0.11997249940105537
0.31,0.3323167078449424,-0.7700691323085883,0.1809581524647738
0.315,0.35333546732985605,-0.8353296858479278,0.17368635540594565
0.32,0.33872330631660963,-0.7649311715912683,0.1787475931824548
0.325,0.3460359817564376,-0.7578404806291646,0.16546302392477197
0.33,0.1234180395386744,-0.9491039235200093,0.19766051802869025
0.335,0.1491648025126686,-0.858584030180978,0.16695600765950142
0.34,0.5046648223453825,-0.8798325154043116,0.20867445401082055
0.34500000000000003,0.3707166698850147,-1.2015714908920114,0.2241603074898788
0.35000000000000003,0.2368293470343034,-0.9437143358603305,0.224923158892472
0.355,0.3629640280051317,-0.9520250854576117,0.1955723732683724
0.36,0.49344923422613546,-0.9546424362312134,0.1371269556706694
0.365,0.8619069216269067,-0.7120028024886276,0.16392605570473656
0.37,0.8275834225639459,-1.0350124391254372,0.1995551925440674
0.375,0.9577940264161093,-0.904572062534477,0.12047258904366785
0.38,0.7034760494481824,-1.0593014830583756,0.13272408746985848
0.385,0.7856314800494101,-0.6502622982509236,0.16275542361684867
0.39,0.8193819619763058,-0.5319698381383737,0.14183556719624907
0.395,0.5365759603961454,-0.45890729930731655,0.1849899377002941
0.4,0.606225814793687,-0.17167856220821368,0.11032137962696918
0.405,0.26966923089455536,-0.1856659046870816,0.10505817266142539
0.41000000000000003,0.23780959081899947,-0.3158907393492933,0.1568680965931752
0.41500000000000004,0.1448680041451618,-0.43537290535546425,0.09846436297678768
0.42,-0.10848055535151675,-0.3208054590725845,0.11780812281862948
0.425,0.1810489853385574,-0.5620790926895278,0.11414264616627154
0.43,-0.0843851383828058,-0.7640678991831561,0.1305634608296141
0.435,-0.037744085636572694,-0.9610612625211363,0.10906962003626584
0.44,0.006576270062769209,-0.8220506257773583,0.09227858547464998
0.445,-0.060721487135186276,-0.6592042477334654,0.05851892145704754
0.45,-0.08301206252976144,-0.4162348459016839,0.0833333745774341
0.455,-0.3276481937400535,-0.6717844906126849,0.13769461818556267
0.46,-0.4930213093800129,-0.7130528900915445,0.050567320997345046
0.465,-0.5299229173521263,-0.6888201511552559,0.03070013154720312
0.47000000000000003,-0.9949566595088312,-0.36174407864913544,-0.004836076370051144
0.47500000000000003,-1.0725074602502387,-0.6129059178443027,0.010840079804998147
0.48,-1.1752399511886558,-0.2196284400745946,0.023428023477897755
0.485,-1.2279210194760157,-0.12032882957593218,0.02019197795582719
0.49,-1.03680782486057,-0.1117173274043984,0.03723924882409407
0.495,-1.4000406189262082,-0.1336882252811965,0.08377107352873503
0.5,-1.3436566729980552,0.06172332736176356,0.07456309671097687
0.505,-1.0094285199651742,0.10838546297461493,0.04292971528606128
0.51,-1.3529306053040917,0.09256584292049903,0.017413470728749585
0.515,-1.0774369967501785,0.5901397136759088,0.0739389850890893
0.52,-1.3642002997846288,0.4053114160365316,0.0366343259199879
0.525,-1.1175395419450203,0.675193355542065,-0.00848632882156026
0.53,-1.1723112455313645,0.3086519252541831,0.04273179675971609
0.535,-0.9340952038609494,0.8759675932589521,0.045061769870042075
0.54,-0.5802253512323232,0.9076654929351735,-0.039000629004168404
0.545,-1.040217243952915,0.6690917938105296,-0.002250687739714339
0.55,-0.5115219497514483,0.6754464142908798,0.01652532897319882
0.555,-0.511464933958964,0.5878821343560224,0.04114486315824419
0.56,-0.6740294267951009,0.3277124950538304,0.019056447068102274
0.5650000000000001,-0.8670408280381551,0.4173347384545517,0.02046628791940463
0.5700000000000001,-0.5770420950741005,0.17430922323194234,0.06645666396868076
0.5750000000000001,-0.7572063060407914,0.1850622496909563,0.04748512545500873
0.58,-0.6575651481432968,0.44895730287690117,0.07869724088907694
0.585,-0.7701309031497775,0.47936467692719353,0.04516128536534776
0.59,-0.49866197411060664,0.3178380529232721,0.041787844003303744
0.595,-0.9504924910984791,0.40099813896856684,0.09028287922028724
0.6,-1.166420440432607,0.49978107185999254,0.07467917527391095
0.605,-0.9466800596410373,0.7698103092914542,0.08412324600018713
0.61,-0.9642792936447171,0.58482862582753,0.04219138848984914
0.615,-0.7394746776545831,0.817585774581462,0.027563287021051385
0.62,-0.865942224318072,0.8997981810180867,0.06994365000476198
0.625,-0.983807689628225,0.8014263966197792,-0.00447939456585211
0.63,-0.7695162363062478,0.9750089260348853,0.055480779533097775
0.635,-1.3676715131937447,0.813984314851566,0.05421624597191051
0.64,-1.2953686094235954,0.85905370077593,0.042602020009262304
0.645,-1.414900771925728,0.7900667826866801,0.007114730028056939
0.65,-1.3704172014266456,1.109755940168684,0.005716482383726443
0.655,-1.659044931612195,0.8872499675662645,0.0214469284839806
0.66,-1.3096611819694022,1.0527277383553681,-0.003524997617065942
0.665,-1.567565725606516,0.9708728038518456,0.0027367016363468197
0.67,-1.8959931378966577,0.7730501885939259,0.03614911326296968
0.675,-1.8401510694465044,0.7381515077439775,0.029017587115829264
0.68,-1.5706694314968117,0.8887393684936634,-0.021017641711608526
0.685,-1.4411273745543476,0.5702556724601434,0.006564832861328442
0.6900000000000001,-1.1422630515204288,0.24070397622116127,-0.013322646462836181
0.6950000000000001,-0.8614963524229958,0.2766428849528395,-0.004164777774234653
0.7000000000000001,-1.2799132531518782,0.08838529143720816,-0.04155222465959228
0.705,-1.4403073766678351,0.5069854290382403,-0.044174115965183836
0.71,-1.5286037712182552,0.012583782558494488,-0.06973546180024123
0.715,-0.853643074755891,-0.08939068707127346,-0.06716515595400098
0.72,-0.9238958371934191,0.18834601506686685,-0.12651487735945166
0.725,-0.6898537907522012,-0.2271911612298626,-0.10267306009023461
0.73,-0.6014015892595284,0.09588903293808924,-0.10191175306321942
0.735,-0.3944869271885058,0.40710046784178294,-0.10640253078029449
0.74,-0.05758086695457637,0.13620490048007095,-0.08945985588342441
0.745,-0.1994341499080884,-0.08708236080552373,-0.08459874156883757
0.75,-0.2394455241183179,0.08424736560932368,-0.09115094852651724
0.755,-0.41956156321643534,0.3108220285456205,-0.10723887632254636
0.76,-0.5631920645164967,0.11513071601670347,-0.12521512792044429
0.765,-0.3244179252050158,-0.10105389385049247,-0.08918480144458128
0.77,-0.24812913906351344,-0.11910998540569123,-0.11512449293972882
0.775,0.12909624850680995,-0.13288707194276797,-0.15635936441637982
0.78,-0.2236805553939289,-0.027735913790486223,-0.1460068692964336
0.785,-0.03455898114254356,0.0865938759308656,-0.1900361326276513
0.79,-0.3335193359875336,0.015838342534784083,-0.15394329103977372
0.795,-0.4544582119871438,-0.11489067381411532,-0.1621151729351111
0.8,-0.3778935349420129,-0.437065236417787,-0.17036886313098953
0.805,-0.2976271411146284,-0.5337567448888468,-0.1159920014298304
0.81,0.33490199725139563,-0.39375425992109814,-0.173517870887795
0.8150000000000001,-0.28153333043916057,-0.7984054893452954,-0.12108332736893501
0.8200000000000001,0.07249439681829487,-0.7856500168742366,-0.07642686896254351
0.8250000000000001,-0.314408882961681,-0.8461911028963315,-0.09233044954987076
0.8300000000000001,0.04779681400541052,-1.1594623713236276,-0.10916392893391592
0.835,-0.10937470417524249,-1.2158462952621987,-0.12766636613808374
0.84,-0.2714745006729748,-1.1118443712507293,-0.12808537524464772
0.845,-0.2925054955418362,-1.0083399795967831,-0.10352476773043387
0.85,-0.46094231589187246,-0.8697031026570214,-0.11014243836082038
0.855,-0.24719437993423618,-0.8441892843131987,-0.11301971996326945
0.86,-0.4376383842404364,-0.8149328462807063,-0.10708588723745936
0.865,-0.5717446914788799,-0.8266327094589435,-0.10533432228161389
0.87,-0.520909047933675,-0.7825640560965019,-0.09433495013699451
0.875,-0.11722241292156377,-0.6369783840919644,-0.13588754022822233
0.88,0.30675049879809957,-0.46732899332137784,-0.12192753356297986
0.885,0.15223083397548023,-0.46254658684795,-0.10635778522322845
0.89,0.2585053446441432,-0.8090206342838486,-0.10162355038853929
0.895,0.5191461753987057,-0.6359215078415843,-0.04671782314825821
0.9,0.9102898917942613,-0.3673783795003159,-0.07603936569851064
0.905,0.8415783786825008,-0.530701081002382,-0.11107271341316474
0.91,0.8519910241966654,-0.7358325930571731,-0.0563781847449898
0.915,1.296279948999609,-0.18909280717169907,-0.04833533307062006
0.92,1.2437628080180418,-0.5061617793937446,-0.06176783256520394
0.925,1.542664375472884,-0.43243780637143603,-0.08816018295905473
0.93,1.288577537558421,-0.42625477950785234,-0.022666037422257482
0.935,0.998501504485448,-0.5475416048104476,-0.09584447918841854
0.9400000000000001,0.9595468221905561,-0.63040188254562,-0.06438110073074872
0.9450000000000001,1.5835187445063745,-0.27655307240281307,-0.0854308991682517
0.9500000000000001,1.5730934417292626,-0.4891495606218365,-0.08642848352073543
0.9550000000000001,1.1414118847060297,-0.5647266387307351,-0.07000345654349567
0.96,1.07763229328449,-0.6306954374478776,-0.1045468139402049
0.965,1.4589651911843207,-0.8533199537637363,-0.1361700720337182
0.97,0.9068593172167423,-0.49150735809079227,-0.10000995446751265
0.975,0.9553991861235196,-0.7064042512269163,-0.14114038372981622
0.98,1.2907527966597934,-0.4232960517679295,-0.12110024231962768
0.985,1.0756040362037407,-0.5391271909118279,-0.1527074370980052
0.99,1.159442521086399,-0.4239999907530889,-0.1439660147257606
0.995,1.1158678584208392,0.08028838861266616,-0.11670938476121437
1.0,1.198762713916864,0.07741094688907892,-0.10906615911490627
1.0050000000000001,1.3866944942725148,0.038839234758710595,-0.15952939588840112
1.01,1.0487466393008236,0.4876832994541478,-0.11239362237339907
1.0150000000000001,1.0958517866504875,0.7661356326587482,-0.1498851898540867
1.02,0.44009201779224705,0.6873690462144928,-0.10911335634124844
1.025,0.7831751222327896,0.4569027445688223,-0.15664932502222548
1.03,0.5335021426180089,0.48460741281021075,-0.1839544812857112
1.035,0.38516496010434326,0.5977363323463871,-0.16393830854330144
1.04,0.4090382479108624,0.6268154200951558,-0.19312233552315555
1.045,0.5017541377392325,0.4264890806830104,-0.14500524658775374
1.05,0.7746688540265398,0.49495823557472957,-0.17446954897856623
1.055,0.3331668694748937,0.551637160174091,-0.1744336067420801
1.06,0.6896633061254187,0.6031081866082444,-0.15040466053762885
1.065,0.6722914377934806,0.511567890319326,-0.1788563998404252
1.07,0.8174159436189238,0.5033811526427506,-0.17515522372496264
1.075,1.224057391756909,0.688711374635396,-0.12466529200234376
1.08,1.2492138830989017,0.6266238718652913,-0.1498931586125689
1.085,1.5364656089919535,0.48177191151299725,-0.1412835187846037
1.09,1.3184281804904785,0.6228405478620143,-0.08933561629857369
1.095,1.2801106258676664,0.31176675447636165,-0.09228696108491374
1.1,1.4302986795168866,0.6101701127617242,-0.1316601947714981
1.105,1.5493743918760083,0.50811095077058,-0.11603068605677068
1.11,1.5255714316100426,0.9775396208041267,-0.12266826020481122
1.115,1.2205099026447126,0.4612511791151154,-0.05965765705789833
1.12,1.4142540994402402,0.6607344962267008,-0.07864415927401054
1.125,1.3718258254295077,0.9455778439040796,-0.10634299324690658
1.1300000000000001,1.7806283953203774,1.054810595988704,-0.07706555916636987
1.135,1.5624549438386781,1.3551684564811777,-0.11363797165210848
1.1400000000000001,0.9019748572362855,1.0269875965722057,-0.08633772142186635
1.145,0.9522677428497195,1.2453217689638536,-0.05476750887981354
1.1500000000000001,0.6395023686168377,1.2367838254059325,-0.03203803416676696
1.155,0.7721656664064893,1.0944950684045947,-0.03011377065340713
1.16,0.9175399010030758,0.7612494252261461,-0.008101472615124512
1.165,1.0609903817624853,0.9892346675275021,-3.1341304520925935e-05
1.17,0.5980595516824687,0.8626673837505023,0.0036946298193573325
1.175,0.5558944706544907,0.6851322525931005,0.006876982987868023
1.18,0.16662520775650222,0.5566080898804864,0.006940669094993335
1.185,0.5045680442364002,0.5012116409084858,0.022607805140277642
1.19,0.2109744062173509,0.4086878454003967,0.024839597159391026
1.195,0.2088276317257978,0.4620793501642228,0.016592198775631527
1.2,0.008153157259007029,0.32271430189824746,-0.019234505497303527
1.205,0.04381400490478902,0.1354763289325042,-0.01792486130802042
1.21,-0.44032083153964735,0.03386040441899709,0.013405136285747755
1.215,-0.49713720734110667,-0.0037496979872495796,0.039141145589457735
1.22,0.16958007282164558,0.05615671012699235,0.011043051950791777
1.225,-0.6359289572585675,-0.04419933722261381,0.0026237084034963793
1.23,-0.6418269020237549,-0.05322864643268178,0.023754354507626002
1.235,-0.030039277316409315,-0.026850411933698973,-0.0012689029237175735
1.24,0.2155230739302418,-0.16782810870426346,0.06253760918085295
1.245,-0.6081121712104753,0.1738055427764368,0.04146208649540373
1.25,-0.3667593138432141,-0.004233960934381829,0.024481620684961725
1.2550000000000001,-0.1296481084417311,0.04483567510343326,0.0366075594271936
1.26,0.25880218256247567,0.2368514995044683,0.025574709143676037
1.2650000000000001,-0.23109452607774206,-0.05156346045562517,0.06325592771526985
1.27,0.005404791433438483,0.09807717035079697,0.02014770870852539
1.2750000000000001,0.28280839813136827,0.3076460471860946,0.01944581398462122
1.28,0.24422168563500243,-0.15749116449633782,0.01976718264468295
1.285,0.07807604882551956,0.12798915335677763,-0.01980988438184874
1.29,0.10885133969139589,0.04364064774339427,-0.005017251841395316
1.295,-0.20263615943129307,-0.3693901108968042,-0.007743218060355504
1.3,-0.027776224353226818,-0.417599496831189,-0.052246068048260014
1.305,-0.11678354834896235,-0.42377239792693466,-0.008574113755999027
1.31,-0.10182319011372656,-0.7439546825928648,-0.011484510162083177
1.315,-0.36318003181218045,-0.6244549625080487,-0.0011962838380749593
1.32,-0.23328212340052634,-0.8850953335855838,0.0039816172205869955
1.325,-0.19881657771482084,-0.8836848483375179,0.01683058578788751
1.33,-0.4523294034479119,-0.9456127909377926,0.04896335872035642
1.335,-0.47028858734838624,-0.799753559171806,-0.004633321825551116
1.34,-0.5851342930193214,-0.7033779531573054,0.018300180893174582
1.345,-0.6423861276820726,-0.9152951916597318,0.0430613139916802
1.35,-0.8418005183637782,-1.0919364776765772,0.03788190210278297
1.355,-0.6700398381685471,-1.0824510481260343,0.035155011627184075
1.36,-0.8171231913577871,-0.8764349239274095,0.08611014750524736
1.365,-0.42060651904140717,-0.6516512348675566,0.03364286610466815
1.37,-0.6163959739721374,-0.8081633757026446,0.0448022148945027
1.375,-0.9678550481016457,-0.8428781821584677,0.012435361633586654
1.3800000000000001,-1.3212867264141146,-0.5831466571843428,0.0005357721167337047
1.385,-1.5092190175014837,-0.616236413564331,0.023684789595466067
1.3900000000000001,-1.1293424153511682,-0.5295233234204344,0.05791979001526101
1.395,-1.430077666733097,-0.5221171365151311,0.0633904694081911
1.4000000000000001,-1.4691277799885356,-0.12928729377989562,0.07751551345666671
1.405,-2.0051633361350882,-0.6648433219199056,0.07782150520115945
1.41,-1.4660613509510905,-0.21441231554126197,0.08833041493077409
1.415,-1.564904428136096,-0.4484990780223762,0.10558110348907833
1.42,-1.8626567537822636,-0.5232725971121018,0.1371428443306582
1.425,-1.6579262935790022,-0.3207764904185475,0.1474441199772664
1.43,-1.4052894410751378,-0.7493903716438761,0.10886317550424908
1.435,-1.3343594876299878,-0.8150202858221383,0.15235387306139833
1.44,-1.2802059563459631,-0.7782289745245284,0.11932708759349554
1.445,-1.10991091587134,-0.707236671996394,0.1444849085897722
1.45,-1.0185182141148372,-0.7993701759610038,0.127768886560103
1.455,-0.8242063735059946,-0.9022904262419797,0.16847073241922886
1.46,-0.4562217403973692,-0.7271953630710428,0.12306813496999178
1.465,-1.2572156716657144,-0.34121559413182034,0.14012540011238336
1.47,-0.7258314525437399,-0.4289984059669166,0.15537487453615517
1.475,-0.6290739574898169,-0.3006207665239704,0.12781380267625206
1.48,-0.6169625389227561,-0.3340402209218302,0.1549888141025723
1.485,-0.7894000119780831,-0.32852932421324454,0.15929304379721082
1.49,-1.1248484021792586,0.063232282554814,0.16176580344436992
1.495,-0.7229997983138646,-0.1292528138503922,0.1701725696896262
1.5,-0.46459344805376723,-0.08038974448783415,0.21072144026201706
1.5050000000000001,-1.1933293996578147,0.23878535223134806,0.17177654592969743
1.51,-0.7035558367957515,0.10042524694857614,0.19683704619350217
1.5150000000000001,-0.9686110537930475,0.2455173997560235,0.18549215135380245
1.52,-0.9119276946661484,0.45632191627172786,0.1372364435546466
1.5250000000000001,-1.1168316064617902,0.5658955217153536,0.1720431880966008
1.53,-0.9540436754134645,0.6861257877064643,0.11580511231113913
1.5350000000000001,-0.5980559945584402,0.9908630718920043,0.15283688515217844
1.54,-0.7512645335924801,0.7480467533685586,0.11663726222631404
1.545,-0.5170532627400817,0.32971983092833573,0.12106822258371452
1.55,-0.6600946459730894,0.6426813861262907,0.0853444158583954
1.555,-0.8559516596971869,0.51450288924514,0.1158407207770342
1.56,-0.6273249010969342,0.4244314728386928,0.13424303814049227
1.565,-0.963146835375152,0.3748866012507301,0.0948154229330761
1.57,-0.9386928988639394,0.28423706477695615,0.10145690468059801
1.575,-1.2312493787953653,0.2634462868262843,0.12810549713836264
1.58,-1.1923728673783511,0.37652747728640507,0.12936203107731442
1.585,-1.3727366834622923,0.26559286890084277,0.059924198656925415
1.59,-1.0023952206296585,0.2838272767806813,0.1606281396106845
1.595,-1.4231062189656327,0.9305667995450565,0.11984980098975016
1.6,-0.9291009073363216,0.4898783844797571,0.11567663927509597
1.605,-1.0288974729670555,0.6806651109751419,0.08632983394010274
1.61,-0.6017980522319628,0.5149672474318546,0.03591555483964153
1.615,-0.5329444613242948,0.7837253282758165,0.08523181260570735
1.62,-0.13203987490715238,0.6630058076711357,0.04765865993002494
1.625,-0.18741932729962058,0.7515009466223734,0.06742002860455977
1.6300000000000001,-0.5064755989157246,0.9799420245653633,0.04629162210465206
1.635,-0.026245105774554342,0.9234001932611062,0.0569717261944407
1.6400000000000001,-0.12383586076633775,0.9693075326549538,0.03636551611052105
1.645,0.12831720940381042,0.6781648507935678,0.08054981238553792
1.6500000000000001,0.6460720756889848,1.2252884214260367,0.0401298345594997
1.655,0.5163789801468445,0.8272988542538833,0.1291066420866002
1.6600000000000001,0.26293566227290777,1.2188683467011034,0.13729950716008224
1.665,0.2074055727863765,1.124902417845626,0.130341225360715
1.67,0.4284277894180695,1.0028015964247645,0.12727076698087958
1.675,0.1520729037118583,0.7034965144543204,0.09833551120849994
1.68,0.25785999304266055,0.7152002477392201,0.12809930491380098
1.685,0.4614429387767156,0.47546120391430835,0.09681604395105906
1.69,0.6431763475030055,0.3870283007640541,0.059428471330267185
1.695,0.5378382219412295,0.19839193689836998,0.12708041952869267
1.7,-0.0608161500949779,-0.1783465126070478,0.11463656758725563
1.705,0.5201078743506993,0.1782722578340151,0.08497983449710955
1.71,0.49988240736905454,-0.039033462734238196,0.056474500035958594
1.715,0.5997857996598763,-0.10407337388518413,0.073298836731495
1.72,0.8758902656047859,-0.0907687462848312,0.048730274405130544
1.725,0.09815495250816496,0.08280966331637801,0.12009500006610907
1.73,0.4052125117566589,-0.04337221771318211,0.06855988397749621
1.735,0.6344756773710062,-0.19184625177369666,0.12166599700088797
1.74,0.13303389733795498,0.20996382869022182,0.10364944136840888
1.745,0.7367106262065547,0.23037545307368562,0.09702825379666859
1.75,0.4455771827670109,0.1119122816882142,0.14071203196310011
1.7550000000000001,0.4941445469400538,-0.055967783231999434,0.1289831103604018
1.76,0.14702318837250608,0.07466153384362677,0.1547833480897285
1.7650000000000001,0.41468610066931205,-0.18923781359048783,0.100564943312195
1.77,0.46455472369719025,-0.16731034998381328,0.10483217144260683
1.7750000000000001,0.31013236452171994,-0.1598066210789448,0.05693716892459796
1.78,0.36550553191007956,0.04030248382562982,0.050935855431431115
1.7850000000000001,0.45928835854086286,-0.15312088585505787,0.13343590946495676
1.79,0.33160651789601153,-0.19561510538260643,0.1302808783374155
1.795,0.6214182496319994,0.09633598593012295,0.07550029728779357
1.8,0.772506107146151,-0.19970417769530818,0.04801114255959337
1.805,1.0452150997966512,-0.29881709859346595,0.05649199156348335
1.81,1.33179173220082,-0.5210180215920116,0.08200873315567576
1.815,1.0350429292950498,-0.6928260892812851,0.048821655922112975
1.82,1.3567211188594888,-1.0620141964499799,0.06615262501019294
1.825,1.7960420920784923,-0.7525225994869696,0.059432268367287246
1.83,1.3882103616898356,-0.9359422956812655,0.04405363549064885
1.835,1.408572340494256,-1.0967369206106214,0.040450000637931374
1.84,1.6364305627774687,-1.1179197560903356,0.052337938734801574
1.845,1.7588512843435884,-0.9755718671427052,0.012479966807254893
1.85,1.54842522224163,-1.2384390281629505,0.033327316626407255
1.855,1.7856571040862068,-1.0128873895758386,-0.0027770532332138634
1.86,1.6361502927779767,-0.985466674633424,-0.004174567075605331
1.865,1.585338212783003,-0.47178304476336375,0.009949972870240626
1.87,1.4817784036523198,-0.508212086852351,-0.04051941547484939
1.875,1.8260759988067148,-0.8754258636390099,-0.027013660956746895
1.8800000000000001,1.2593493991177778,-0.7384582844321866,-0.09969012226774429
1.885,0.8557772703748908,-0.5286439616218338,-0.07473645086266821
1.8900000000000001,1.6090429571152538,-0.5796432903157301,-0.06597155334920754
1.895,1.1503906022322763,-0.7118475697171923,-0.02179716575934533
1.9000000000000001,1.245853594385936,-0.26304557335169093,-0.11104368559221978
1.905,1.4657320259483282,-0.49781586123736865,-0.06468476249563615
1.9100000000000001,0.7927422708509013,-0.4691953946277352,-0.02561835597486349
1.915,0.7995331374975221,-0.6186602279602433,-0.0763732001091886
1.92,0.6406957688610384,-0.40028408323257225,-0.06288222804764497
1.925,0.7153241661209142,-0.5402253820285057,-0.052109718817264054
1.93,0.8724273300743646,-0.5224993946155313,-0.059653612746430204
1.935,0.7822144150667318,-0.40961635088403353,-0.033176155454451704
1.94,0.6266588104344498,-0.7574501607135908,-0.06634380136829544
1.945,0.17700645533853152,-0.3504977671726431,-0.05298200743105998
1.95,-0.08287592686773683,-0.6048369133034163,-0.09899578196847099
1.955,0.38007012560249775,-0.5000333783500635,-0.11269238387410231
1.96,0.25629101655856973,-0.8634902211481396,-0.10295488163844292
1.965,0.47488697228458365,-0.8420231514288087,-0.12420174763099241
1.97,0.5760440389158419,-0.8353249998109674,-0.08207055421813392
1.975,0.5301490236063474,-0.5522942443897887,-0.09601715146763663
1.98,0.7555564995491715,-0.4539231912852542,-0.09417532982924932
1.985,0.7446496008222638,-0.37352369901778437,-0.057011810636377176
1.99,0.9117143306465222,-0.2792824383507203,-0.08558710550669045
1.995,0.7421865668338393,-0.14308845795243078,-0.03179112310727844
2.0,0.9311883158478153,0.1846134234234219,-0.05396162640673296
2.005,1.0648326003308244,0.2535754091996051,-0.011098489233031831
2.0100000000000002,1.223464300848542,0.3148581754626031,-0.045851563655171367
2.015,0.960416780220623,0.6853772264218702,-0.023131598243192556
2.02,1.1236115176286898,0.4799188361593449,-0.037467243084322005
2.025,0.8988147614150259,0.672171682776236,-0.029727889316822867
2.0300000000000002,0.8543059572119651,0.4082032328173326,-0.05087110996375596
2.035,0.9674378888766715,0.5071206435797866,-0.0985289322281006
2.04,0.2698879169371128,0.4608418221786311,-0.04097838999479087
2.045,0.32373024754521157,0.235641719040367,-0.06991732769858196
2.05,0.19450022409606757,0.6914536977109608,-0.050457979794942584
2.055,-0.06834536227221125,0.49021918836047135,-0.05168159198848847
2.06,0.21348803062101065,0.6302453828185758,-0.08302621460775032
2.065,0.4553378999092653,0.4243316599935879,-0.08225042755771152
2.07,0.1774166875080027,0.49707272069220426,-0.04113638956992661
2.075,0.2248164312925045,0.37205965648444556,-0.0600130572695525
2.08,0.3560783465780784,0.6303556971053138,-0.029126007927447867
2.085,0.3397735215101404,0.4583754048002633,-0.055891664341301904
2.09,-0.037709932256612864,0.43227944562911624,-0.03140201035968902
2.095,0.1721276585811435,0.5576579829453492,-0.05222993328772183
2.1,-0.205832066986756,0.544402151076327,-0.06501819953229807
2.105,-0.525874041634524,0.5395165957401564,-0.09236030296204066
2.11,-0.6044208615990255,0.3161346378420338,-0.0913061802488186
2.115,-0.9267075399121274,0.5312714464119476,-0.08221327101332025
2.12,-0.9287538836304987,0.6164022652540407,-0.1240020819785159
2.125,-0.93151851071652,0.9890916234259163,-0.12109934666656778
2.13,-0.7792907252060498,1.0228757120450127,-0.14079873092488535
2.1350000000000002,-0.6525686885308821,0.8843311306865749,-0.14449358177952812
2.14,-1.352734813699536,1.0945875642900278,-0.10978870608594352
2.145,-0.9784321146534306,0.9071981126105123,-0.12236932370073403
2.15,-1.2564141765790897,1.0654522617173794,-0.14734534454903445
2.1550000000000002,-0.8759929985195725,0.7618696235591996,-0.14210395988378258
2.16,-0.9253007088626259,0.9712278344618775,-0.16169198513954816
2.165,-1.1930802625103627,0.8440933706675039,-0.1485225076173911
2.17,-0.5031475039481514,0.9583137901564706,-0.13821385561868751
2.1750000000000003,-0.7328926428311505,0.7201265114165626,-0.128662107488912
2.18,-0.6323537996916073,0.46820068099744094,-0.13629119887573612
2.185,-0.6807862006570717,0.5846438250490711,-0.1868249462841277
2.19,-0.5506712632603757,0.22279578527951302,-0.14600760073130675
2.195,-0.3052904221862831,0.23611336584608777,-0.17912824387043103
2.2,-0.4495075981347496,0.3652797989306982,-0.2074005958230906
2.205,-0.3756524697208167,-0.049118587512096905,-0.1583001513185804
2.21,-0.42469611231215126,0.17641326065543586,-0.15792324872631222
2.215,-0.28948900088040164,-0.0415540917123945,-0.18537834130064623
2.22,-0.7205131587642519,0.03912739428187341,-0.17093366364250276
2.225,-1.0385316705894458,-0.19229820445428217,-0.1624079836924848
2.23,-0.5659094503600308,-0.023785298279100333,-0.1380161326541584
2.235,-0.9254345010512495,-0.09471186040428758,-0.14234381494007267
2.24,-0.6664255681536643,0.11795766514913271,-0.1785914469829612
2.245,-0.8611231433639477,-0.031818019292706806,-0.08898576307166829
2.25,-1.0007993863736724,-0.07483620085349313,-0.10107354658015658
2.255,-0.9232916190051746,0.07112711210861206,-0.13003357763978057
2.2600000000000002,-0.6060898485272227,-0.020595928805128217,-0.13671858178880486
2.265,-0.6088435108540936,0.26451924298473195,-0.09768373110508236
2.27,-1.0762373043675395,0.29263103352439007,-0.1149307959084774
2.275,-1.108023485460542,0.5173847712261668,-0.10088364310297591
2.2800000000000002,-0.9771432282684724,-0.0002585070697455888,-0.09179328090174005
2.285,-1.4644699438966349,-0.06726717411155764,-0.12249744175754194
2.29,-1.2991045041030702,-0.2504900414173285,-0.13394893372139952
2.295,-1.4657318313342733,-0.2874227408183129,-0.09523559021708682
2.3000000000000003,-1.4800872302696484,-0.40493196520481334,-0.11077171781199117
2.305,-1.8009577442870721,-0.5890212582047903,-0.08642704830709726
2.31,-2.0196843928623305,-0.5250558897548893,-0.11084854400975873
2.315,-2.1546029212270796,-0.8337189645426458,-0.07351853698235408
2.32,-1.9515303800799255,-0.6515093176285272,-0.03874260415230032
2.325,-1.7780507886784584,-0.7404738945124948,-0.029881503136759125
2.33,-1.6758382633896873,-0.8346484125586691,-0.05284984903856179
2.335,-1.1014481114736692,-0.8924345898948806,-0.05461902088332415
2.34,-1.1543873927971617,-0.5245653111479273,-0.022856593510107777
2.345,-1.452554459679463,-1.004496634850101,-0.009325385174190811
2.35,-1.0198026680617882,-0.8707731407168601,-0.0152644939574587
2.355,-1.027292143985334,-1.0355896356488756,-0.04150540820198168
2.36,-0.8561807857762251,-0.6803819151174624,-0.028893003975472724
2.365,-0.6276573206755923,-0.7865733943715549,-0.007623363336172484
2.37,-0.429450037476191,-0.9592635072494156,-0.04449552305793373
2.375,-0.5546597036024248,-0.71610225129261,-0.09267077305381673
2.38,-0.20292702879410535,-0.6548138908465774,-0.052739958921298936
2.3850000000000002,-0.6469173080742665,-0.6552950604979384,-0.010340626900206717
2.39,-0.39640124582588254,-0.3693501279076426,-0.0867696217256645
2.395,0.14637224275818644,-0.33216082197965474,-0.052419581119598754
2.4,-0.38002869994458083,-0.29739560904044526,-0.05373263261921906
2.4050000000000002,-0.14383118856649624,-0.312871100423329,-0.04122473454215503
2.41,-0.44898142721560413,-0.2661104205073272,-0.03464999121386007
2.415,-0.3555014707364243,-0.3508077422154385,-0.009798764127715433
2.42,-0.492162610679442,-0.45710972888316787,-0.034047759787739613
2.4250000000000003,-0.5061865022213015,-0.6496403031252374,-0.008229409377261977
2.43,-0.6168169075101357,-0.4100170581046998,-0.045562767559842864
2.435,-0.333473327163155,-0.8672181818133206,-0.05780856959427323
2.44,-0.5808272473576617,-0.6995791737516186,-0.07348369384659062
2.445,-0.23467958049743987,-0.8107003525517431,-0.10900388521942994
2.45,-0.13147280573291947,-0.4891005320365186,-0.0679739700268699
2.455,-0.2836564853990245,-0.8078063903977949,-0.03263757754388982
2.46,-0.43613292636153156,-0.7088116346215455,-0.07379862219848755
2.465,-0.3055111412767616,-0.6584969315955191,-0.06914168708330282
2.47,-0.5074797465958114,-0.39394784201838673,-0.09231713886636733
2.475,-0.2882970526257568,-0.5577179980738136,-0.08270256507621106
2.48,-0.9261521376068705,-0.3646397064449445,-0.04573492394250909
2.485,-0.6474927982484625,-0.5389368012651958,-0.011887817748682836
2.49,-1.0269700355056062,-0.13932191467925403,-0.013543742454831385
2.495,-0.9256117719391935,-0.1732298881797385,-0.019331354896524683
2.5,-0.2922329219764126,-0.22762976088325382,-0.028398902984166276
2.505,-0.33773398092473134,0.23730081772268138,-0.01722013294397165
2.5100000000000002,-0.5952502001583826,0.017931106923171906,-0.0348821678704793
2.515,-0.6442751419195569,0.4416619793577051,-0.048378403639396675
2.52,-0.8116149621787843,0.3560717954853941,-0.03977177228125958
2.525,-0.13022697789388363,0.791585758515375,-0.012100665435780296
2.5300000000000002,0.678461149949318,0.7551786847772803,-0.02004272213525512
2.535,0.43272570470065846,0.5539834751419279,-0.04663268380760273
2.54,0.3911663704145299,0.5714000914672401,-0.010288987225043901
2.545,0.7647081593221741,0.7502307615984545,-0.011596661693994002
2.5500000000000003,0.46438486282089736,0.5597121969830621,-0.023511564750654697
2.555,0.8390177716950573,0.4852965829732928,0.006174649296265022
2.56,0.9995049915655695,0.5976191472825659,0.020586506580626072
2.565,1.0073426520719595,0.2347008165453655,0.028546453545511438
2.57,1.216830292485589,0.3011461393152004,0.08022506155625164
2.575,1.1238881239641092,0.4054084598813292,0.02903657107375415
2.58,1.1815649917574151,0.4041623923424075,0.04068919998919606
2.585,0.8735622218057018,0.3194986042964776,0.09850781664733103
2.59,1.1929658565764274,0.3766769605172658,0.10896668128261496
2.595,1.334163548146473,0.25931795765400784,0.12130871202721974
2.6,0.7721371500133289,0.44190356064866826,0.10136018393408318
2.605,0.7913080483102304,0.7114209046610372,0.09217950737629577
2.61,1.2753870220128767,0.7063348915672962,0.11156781045637197
2.615,0.9639912481606902,0.7778704187583663,0.0987913514043875
2.62,1.3199088986449041,0.9410105130056153,0.1431844471617882
2.625,0.9371192126381478,0.6465204453621124,0.09817144094850645
2.63,1.3444090174591692,0.7993610901980931,0.1052403337305562
2.6350000000000002,1.0509442252127907,0.8834715862675789,0.16727831933135168
2.64,1.0511987289301434,0.7899493394436898,0.1095449425783846
2.645,1.2867813754344735,1.1295565158333127,0.13348289861281634
2.65,0.8174228469094622,1.094450996343646,0.14273090479563044
2.6550000000000002,0.6246195211664903,1.0361766213982229,0.15170430054537956
2.66,0.6554388284580969,1.2563124829110344,0.14718123514299425
2.665,0.7754409423483677,0.7696672619675727,0.1487096513030812
2.67,0.28224107149799016,0.9203423418310369,0.14754498367720484
2.6750000000000003,0.7075487505050118,0.8756317643536672,0.1296253294057767
2.68,0.4355032197226825,0.5649358989953368,0.14557851062730884
2.685,0.8031942183917206,0.5842169413157056,0.17762706859738914
2.69,0.08573144888767846,0.22697171614523262,0.14868304478193933
2.695,0.4978528137458199,0.33093774665936443,0.11669333682280753
2.7,0.4017596079187035,0.2580719669861868,0.11898917237522313
2.705,0.702528460057867,0.05854916510880045,0.06912346526167465
2.71,1.0622002837088504,-0.28873868110710144,0.07596297776569487
2.715,1.1057309478639852,-0.17200633787118572,0.09947931689638263
2.72,1.219313388280101,0.06779599375792543,0.1101771926561486
2.725,1.3547185134478787,0.035275510284498934,0.05804118601960722
2.73,1.5258499260765634,-0.2971021158538927,0.06768867125784996
2.735,1.3339980815225847,0.30116889932158303,0.13439645058740018
2.74,1.7372667966965822,0.17184284331650146,0.09026025554710028
2.745,1.7351332378937696,0.041770324015439314,0.13485992639061886
2.75,1.6557885225429343,0.2802795481199937,0.09974250706277807
2.755,1.6494930166221662,0.010325991404314875,0.10141072610359894
2.7600000000000002,1.534299684038819,-0.03490485918975275,0.08697857593629725
2.765,1.8357063573972672,0.06768282864014143,0.11255955302469814
2.77,1.3095671924633525,0.2284920630899661,0.11697274140687905
2.775,1.1916388045124955,0.17482932687298103,0.05473144553810481
2.7800000000000002,1.0316331561502823,-0.02794540754530809,0.06460398484557964
2.785,0.9157559472090571,-0.036844403000233734,0.08927873813431597
2.79,0.8223334941854245,-0.020936759394184695,0.06182516215276168
2.795,0.8562899851170286,-0.3563233430035849,0.053049957362368935
2.8000000000000003,0.9914120054017631,-0.1585934589509175,0.09111090232302281
2.805,1.0360936795253348,-0.45005719947786205,0.09927822177302761
2.81,0.9266673807522249,-0.4240248813361696,0.07158888053164075
2.815,0.6916915481819925,-0.6408321006967599,0.09777796408306262
2.82,0.9717336298696996,-0.6832170124703723,0.07621063905666074
2.825,0.8457262757711881,-0.872412893839239,0.09520606742554809
2.83,0.546811471801176,-1.4322461868769982,0.12966070327059534
2.835,0.32234562778778664,-1.0462716337011724,0.13609548951899805
2.84,0.4526632948846513,-1.0080726076641324,0.11877082280769626
2.845,0.24953360907674188,-1.0164754119082642,0.1279312279592497
2.85,-0.21819211106948544,-1.03377408258565,0.1204248555917537
2.855,-0.026543158664407703,-0.6982992937827855,0.15459904767291469
2.86,-0.036397466766107424,-0.7814286570587736,0.09510943532381877
2.865,-0.3365206478101385,-0.6597762498024703,0.11438701333960005
2.87,-0.12472350441206065,-0.48441599102201044,0.091914093703846
2.875,-0.4645927007333261,-0.5138699633164221,0.1442442523172761
2.88,0.17201434893547002,-0.6516742527014846,0.09307650056026245
2.8850000000000002,0.21879680145442273,-0.8536545205139662,0.13914546457991342
2.89,-0.018264441132015228,-0.5803029950443207,0.1819963303259209
2.895,0.2053403414325983,-0.41793778660457775,0.189571051107769
2.9,-0.29496116620049906,-0.5869098286725961,0.11564394038101221
2.9050000000000002,0.054714244539415716,-0.4289462917397241,0.17229748374645845
2.91,0.3033569022964007,-0.5151548354306694,0.14826268081758887
2.915,0.1780530113312886,-0.3395841031343272,0.14740105119035934
2.92,0.5728319941492446,-0.5436910458102922,0.17368287934213
2.9250000000000003,0.8317226208386984,-0.42070005348322514,0.2027736068590339
2.93,0.11263287658214684,-0.41126416930731136,0.1823626834143697
2.935,0.12093841976760704,-0.2840936222738492,0.14289713883484703
2.94,0.2697487844374614,-0.7683928433179443,0.16521407491264983
2.945,0.47519016688050036,-0.640194575317975,0.08386998934789701
2.95,-0.21620792039558046,-0.5109518098865522,0.10624138378625582
2.955,0.023665555465181287,-0.46269053615016315,0.09279489515097432
2.96,0.30889685721062043,-0.6780825524450673,0.10376393094147282
2.965,-0.4481603988167447,-0.7531648674854616,0.08921344209457571
2.97,-0.34245789440371427,-0.5648551218766823,0.08510078334773657
2.975,-0.08959323842765218,-0.46513514837796005,0.08102385551389718
2.98,-0.0066351783856607805,-0.5139143484974695,0.08407992635638575
2.985,0.3938902831407288,-0.2615145775045698,0.09559728754404147
2.99,0.36901897855063415,0.030027871819037998,0.08585016940206643
2.995,-0.017362057772604446,0.3018725007086342,0.0741657347958149
3.0,0.43584567584721473,0.29611088801508234,0.08695826697672335
3.005,0.07629994912893005,0.3254170485329326,0.09130449638727639
3.0100000000000002,0.2635995369566381,0.40386738784724174,0.05079749386693775
3.015,-0.4067155507539337,0.5458881526635861,0.051912949366020616
3.02,-0.6955150642925119,0.47521882778016794,0.06814211485691243
3.025,-0.7209133644830813,0.5198978506364612,0.0016834463216866928
3.0300000000000002,-0.9156456258658145,0.33426178582041516,0.05634559789593169
3.035,-1.1760025168618333,0.6554309785869293,-0.029684389635850107
3.04,-1.770537720340466,0.30796105587642525,-0.01677644976054257
3.045,-1.381747184545478,0.4140050165430034,-0.038532479299182805
3.0500000000000003,-1.75378923238112,0.5038961347887457,0.030591130412168505
3.055,-1.47496432555305,0.7898811931389036,-0.03356574631185599
3.06,-1.7829382428665859,0.4654701890437369,-0.03170771314775523
3.065,-1.3061804964135264,0.43645447161249806,-0.024619157405693173
3.0700000000000003,-1.472518180908867,0.44267306809870643,-0.008332743374553742
3.075,-1.4584950200742561,0.7280432669961232,-0.012614480901330867
3.08,-0.9117489132653974,0.05977471766524111,-0.0031015385040408473
3.085,-0.8964360923850772,0.27315714910442906,-0.07927412109172721
3.09,-0.9760622004641133,0.7654989383707413,0.005996872379126156
3.095,-0.45227981467194,0.44951307010254926,0.004037843277945139
3.1,-0.7978308059076481,0.22554588424874647,0.024784740012752337
3.105,-0.6654492432837616,0.4257398689511057,0.026363941041851
3.11,-0.6096122854298385,0.5260225734258043,-0.014247006920224512
3.115,-0.8171042806958331,0.7485760835987689,0.0038656808150090366
3.12,-0.6201847860411557,1.0171547059378214,-0.04534908218160069
3.125,-0.8823147488382137,0.9413148984030607,-0.003939132505220358
3.13,-0.909049909044982,0.9227450060401363,-0.03518806794597999
3.1350000000000002,-0.581727767657054,1.1912454900124374,-0.04667370823018322
3.14,-1.139515147726636,1.0227765364384782,-0.017856494370332078
3.145,-1.4671304625839805,0.9721405343715658,0.02674154099608508
3.15,-0.6314427893684135,0.8248995587506494,0.00682897193438411
3.1550000000000002,-0.44346428299226315,0.7745887881368021,0.04646891248349939
3.16,-1.078219142740608,0.7703473836473539,0.0018044446911407884
3.165,-1.4051065870195785,0.6248228736738701,0.04991220573018879
3.17,-1.0587312393919979,0.7335522620697611,0.013451474349495153
3.1750000000000003,-1.0600823012034297,0.43157993175067944,0.03424414842744662
3.18,-1.0560468178466347,0.08473307023260936,0.03109571214378612
3.185,-1.282464324143655,0.32221280376072653,0.03570155064762755
3.19,-0.9640262194492737,0.35328027314228166,0.018057737493014658
3.1950000000000003,-1.0308986125132864,0.28643283593459656,-0.014463027881961518
3.2,-1.5254821460415262,0.5324905993742514,0.013837315281936133
3.205,-1.1237804476494633,0.16859516671317784,0.024831647847167987
3.21,-0.8971849803937241,0.3058096801504917,-0.036846899132938774
3.215,-1.3489204035410078,0.09956818195085462,-0.07156717859356862
3.22,-1.488262639558857,0.01888649561275357,-0.02007998235721424
3.225,-1.4509104564351893,-0.15814011094483588,-0.04071084526302522
3.23,-1.2624746969802974,-0.09186451294183356,-0.03573363248557893
3.235,-1.7028325885780853,-0.20526990452397034,-0.0186876886085726
3.24,-1.2046823516399838,-0.055448858772222574,-0.04175857964193877
3.245,-1.1993234963037138,-0.06606463797958029,-0.037987873315514994
3.25,-0.5733280112406165,-0.09963985642612479,-0.03675656147726872
3.255,-0.8400050734012279,0.24572298625486325,-0.005377974217417337
3.2600000000000002,-0.2742854404917603,0.22902278211954671,-0.04738754228842828
3.265,-0.6952447681098389,0.14412678410705515,-0.08805947388961534
3.27,-0.1745614852652054,0.23000254307746118,-0.10035719196251204
3.275,-0.09057058484778042,0.15755781525060733,-0.08368329473488516
3.2800000000000002,-0.2272789309878206,-0.0348956443864142,-0.12833106087030413
3.285,0.08573448273172267,-0.019587869400660735,-0.15264495992527966
3.29,0.3685924249544113,-0.25686811183109315,-0.11357595881224754
3.295,0.07698772773768763,-0.4504990693204608,-0.12228560476836649
3.3000000000000003,-0.19999836942974605,-0.687443805762239,-0.15377667508584725
3.305,0.15704312558852238,-0.6320412684845221,-0.14200264245666458
3.31,-0.04097383123237072,-0.5982547392894816,-0.1453890667212831
3.315,0.06719190729903068,-0.8446673000888842,-0.13441962832773005
3.3200000000000003,0.11489849600457035,-0.4352292878130958,-0.13179308946630788
3.325,-0.2321335614378981,-0.69154063124692,-0.20410030187721917
3.33,-0.20355423143751417,-0.6491182959992278,-0.14644422216112754
3.335,0.26334416197309024,-0.7359639039369179,-0.1278503056125494
3.34,0.0757652704446875,-0.6054380914728998,-0.1506955279468759
3.345,-0.3291405395946582,-1.0002674420352207,-0.1434159359709123
3.35,0.41611285301044865,-1.2736792313856116,-0.13171762440767462
3.355,0.33124816547087327,-0.9927301647012604,-0.15372416561433194
3.36,0.1348704143168837,-0.8533741506330613,-0.12706271111126002
3.365,0.0064924128006128,-0.8902091970956678,-0.14220724973642707
3.37,0.4508536685831799,-0.8248300766943057,-0.17607397591182178
3.375,0.3170101065921416,-0.6021769026851292,-0.1802469632228325
3.38,0.7089480239387799,-0.63728611106301,-0.2417084732698357
3.3850000000000002,0.24091716186621487,-0.46988084923490164,-0.17871702214300572
3.39,0.18435305389827683,-0.6086307715218,-0.19581930085675447
3.395,0.02347313844082353,-0.5414169391734044,-0.14944298933020456
3.4,0.20587149214240813,-0.10030049342559778,-0.13982370201858763
3.4050000000000002,0.15938921333784378,-0.29274162107741003,-0.11518879049446026
3.41,0.31514899362111337,-0.4147030285275877,-0.08724955548585184
3.415,-0.010373335373243036,-0.470718485544584,-0.1104527606335582
3.42,0.09253666843039855,-0.5569270099739466,-0.048487990784018775
3.4250000000000003,0.19729902636961116,-0.6592163246524559,-0.09118150759620752
3.43,0.6071538531009733,-0.8295885943111493,-0.12479658461138568
3.435,0.9146007610122,-0.9306420432591254,-0.1072257157231296
3.44,0.6621873031048592,-0.7873352418767625,-0.10459468571561949
3.4450000000000003,0.8343058701107398,-0.8491330773119785,-0.08479058816410788
3.45,1.1470670641358929,-0.5810492496227746,-0.12366506335523697
3.455,1.1645928546982696,-0.6391612194581431,-0.11036099542031429
3.46,1.5328389505723279,-0.5677879850467327,-0.10737494342132571
3.465,0.9330594282751542,-0.6265457626084564,-0.11215420417380345
3.47,1.2914401852125146,-0.45659553824108035,-0.07841400523048091
3.475,1.32648554077478,-0.3133176722502816,-0.0761165333308401
3.48,0.9988176376504979,-0.1962531574557717,-0.056087242086595546
3.485,1.2694430974738318,-0.2488118314803535,-0.0828556342131733
3.49,1.2477317964072854,-0.02111370986267148,-0.03905329517556218
3.495,1.3616977209903895,-0.1016026929610604,-0.0927250058922262
3.5,1.6034627755636164,0.09384486806674278,-0.08916917839450782
3.505,1.2793985481856853,0.015252468671119917,-0.08388292617939552
3.5100000000000002,1.0849816700662276,-0.05323341881834934,-0.057234045672937474
3.515,1.2745020308357538,0.3671623155425373,-0.03435304565919302
3.52,1.499347121379499,0.5571061882047841,-0.08425294500343306
3.525,1.059833717930038,0.6469479244238752,-0.09070447098994724
3.5300000000000002,1.0661599227586227,0.7090394402523998,-0.09473285405431843
3.535,1.366735780806442,0.6469290627250007,-0.0860574709030435
3.54,1.1770157024033148,0.5869510850588563,-0.11913369231703617
3.545,1.325212116087748,0.7426485261601261,-0.12679938444810557
3.5500000000000003,1.1304353016200548,0.6567964892012585,-0.1495961184888129
3.555,1.2128903957323276,0.4301099047578967,-0.13257821864935912
3.56,0.7574644166723721,0.5746717590489078,-0.09032199267678635
3.565,0.8809024079852805,0.21578972316415934,-0.11271214088461085
3.5700000000000003,0.7395387904568692,0.2060362152243715,-0.12819087311960603
3.575,0.42936495433436733,0.5015021952643012,-0.07796752385839327
3.58,0.2708089333284872,0.41254341712152437,-0.11765392979250652
3.585,0.6853043834725147,0.2915362308027807,-0.06943349246981932
3.59,0.4234591612566906,0.45789981295685594,-0.0707506783218796
3.595,0.26894382698197017,0.5262063807133277,-0.1055478100815002
3.6,0.4865224362030891,0.20380092058255633,-0.14722144638608142
3.605,0.7978375172475268,0.5387907481349102,-0.06516846662126949
3.61,0.1465662126672507,0.7186018391669191,-0.1169225899360592
3.615,0.4103287936724571,0.7170486107152967,-0.14027455189205085
3.62,0.6411484977874421,0.8293633421655804,-0.11544723661313111
3.625,1.2611404368915742,0.9730551036840126,-0.12410650673564512
3.63,1.1140728991942186,0.7873309373749182,-0.10948770555936276
3.6350000000000002,1.306791823198199,0.7078065892992728,-0.15197999604708978
3.64,0.9665659043823497,0.93498005576752,-0.12201905731162409
3.645,1.010685647109334,0.8817667258645367,-0.14748665446252562
3.65,1.3554587845682713,0.9443972976449034,-0.09234640384037017
3.6550000000000002,1.2534437611840499,0.9541616119742501,-0.09573902557256794
3.66,1.3130700227880507,1.3193988679987996,-0.07593281370834662
3.665,1.0895429624853685,0.6651153906812011,-0.07430326686205628
3.67,1.107613491335837,0.8666988296773704,-0.06693349601780477
3.6750000000000003,0.992415695670876,0.8234796455078964,-0.07384663613591555
3.68,1.0333741917344579,0.5837393006488746,-0.029815235891682012
3.685,0.9520103722879754,0.668656747360623,-0.010328013379503887
3.69,0.3538420140367762,0.4975573893341612,-0.05660550385253455
3.6950000000000003,0.14893454480851734,0.22687875503430735,-0.029551022340761422
3.7,0.7801698978070312,0.07082962342611876,-0.03098889836321659
3.705,0.7639264810403,0.004386618911531358,-0.03824354865011286
3.71,0.23901997884693607,-0.04237089298229345,-0.06949272098318028
3.715,0.003962574379065103,-0.04679078054165582,-0.05705016663731773
3.72,0.35884768929017496,-0.038292160212086264,-0.03511252001553686
3.725,0.46160733698607614,0.06786838931976051,-0.05489325241714154
3.73,0.5574083441745584,0.18875442515089527,0.041861700990447885
3.735,0.1793489940355793,-0.04739285904609585,0.031910060407135885
3.74,-0.12882578970466796,0.0044998030935045315,0.03669803085783322
3.745,-0.3692436649300998,-0.08922706959147306,-0.0011732662595359319
3.75,-0.31019321271973377,0.26216032817975254,0.01783597253383393
3.755,-0.5083740000321654,0.14110068864368966,0.06796443540045558
3.7600000000000002,-0.7829838183349673,0.13334009956510595,0.11835713460167707
3.765,-0.23299849514878537,-0.18430004128376254,0.05681834187174902
3.77,-0.36854928510579815,0.22904309800554773,0.09164012512357071
3.775,-0.5565570515319538,-0.13981444974720802,0.0564014741537244
3.7800000000000002,-1.012436089346362,-0.05493655882724286,0.06414421735656554
3.785,-0.617541168142378,0.018404630392211768,0.08651642772246819
3.79,-0.6177804055924184,-0.27159869464470665,0.046139612969871374
3.795,-0.5895886693994823,-0.2561617605899351,0.03596372664435788
3.8000000000000003,-0.33001783813361235,-0.22412807896599968,0.08536917658347391
3.805,-0.3656913113622673,0.05614172958315401,0.055453918250837494
3.81,-0.24914448160407948,-0.42647068953877165,0.08407370010082002
3.815,-0.1871663817267332,-0.3823690257082411,0.047852184447747734
3.8200000000000003,-0.18432497864708544,-0.5839284936826428,0.10263008848691944
3.825,-0.5953953981545473,-0.8371906191682639,0.08129300934555284
3.83,-0.18136285959082432,-1.1385468629164215,0.08876117885043251
3.835,-0.3299279697096859,-0.9221213979830177,0.08309291883438964
3.84,-0.5218219608560537,-1.3097251058707406,0.06688035445464609
3.845,0.051731264466600015,-0.8536951684392395,0.07457014839047202
3.85,-0.012130582912431713,-0.9911263354176032,0.057599876396428856
3.855,-0.17361673200598887,-1.303275669511983,0.08190612043591679
3.86,-0.4937586664315185,-0.8733056691306006,0.04515916495733322
3.865,-0.3404839399634116,-0.6292941359143838,0.0054296478194151895
3.87,-0.6983849619986736,-0.6650350922920217,-0.007134024710640268
3.875,-0.7190339228534568,-0.4642002777088715,-0.01442840109625885
3.88,-1.04594782515624,-0.644909951755049,0.03707591906573251
3.8850000000000002,-0.7686427771562196,-0.6940583960847585,-0.004679423695952811
3.89,-0.8753890076453597,-0.5231263719289603,0.032058848875813804
3.895,-1.1998804675830295,-0.5207378753169463,0.033583861282264385
3.9,-0.9699565269836794,-0.5862457138182303,0.036098877940556794
3.9050000000000002,-1.0215028779463335,-0.36888920284432913,0.056043332560860304
3.91,-0.6779856678127959,-0.6559465807111866,0.057562779234301566
3.915,-0.9414562830504062,-0.4769883004738296,-0.0025473596605023233
3.92,-1.2135707377957652,-0.4925028714456187,0.058669969058932216
3.9250000000000003,-1.2569208588880196,-0.7060128082327342,0.07938548104330741
3.93,-1.4000685363393337,-0.6684708666739188,0.10883228397912403
3.935,-1.5512044477899096,-0.4940525751179742,0.10903334732798746
3.94,-1.8286059350455148,-0.2486176088648485,0.03551276539872258
3.9450000000000003,-1.7028855709005857,-0.4939133976483213,0.05683168267916547
3.95,-1.8791440500465024,-0.8736106521930136,0.026580467320323625
3.955,-2.0063887790811568,-1.1183347613961068,0.09870267324579576
3.96,-1.6167435385150026,-0.606243824142437,0.0890304381819859
3.9650000000000003,-1.5944262900480046,-0.7179720418252729,0.07855488438267572
3.97,-1.9789305232103693,-0.49026505027526884,0.0822060533864042
3.975,-1.51543795239919,-0.6639203804644886,0.12127728147336278
3.98,-1.1473479791464731,-0.3181769665736873,0.12994617648336235
3.985,-0.9918894613456016,-0.024588596584503908,0.142429086171202
3.99,-0.8539672335618318,0.042108131996886566,0.13976058581819517
3.995,-0.9257386095001722,0.2798177055731756,0.13359165029766146
4.0,-0.9900356114094864,0.5238715497551469,0.17044623621959046
4.005,-0.9376870837660937,0.700124896760162,0.1796052698844521
4.01,-0.554882262141311,0.6510007591653604,0.16099854577225697
4.015,-0.49651824281035795,0.7688233555943834,0.15920654278426727
4.0200000000000005,-0.2776577125590494,0.5221024581091347,0.19335829223876427
4.025,-0.3151051994660763,0.3537244148428629,0.20330052288595435
4.03,-0.5927898886380928,0.7824467770106966,0.14333039632095132
4.035,-0.855614677030337,0.3949023724479878,0.15131202360227447
4.04,-0.6877176017832896,0.3909004373916734,0.16324413311738376
4.045,-0.6007059867268235,0.4662680336990764,0.16560871350657136
4.05,-0.7106506847023253,0.4997563399945762,0.14319268042732813
4.055,-0.8011533212514115,0.45479709065201895,0.20280780983660007
4.0600000000000005,-0.6229288104925372,0.5225916280140576,0.17353133645290023
4.065,-0.7735016023259002,0.5247204744876429,0.1820553784279446
4.07,-0.7819057924629195,0.5449456141086806,0.21687233179545023
4.075,-0.5605004711343673,0.16196691578680253,0.17031492729369785
4.08,-0.6941555587227005,0.7212459203449395,0.18204680167612178
4.085,-0.544769465200676,0.39372574435731766,0.1553897485586374
4.09,-0.5382788358024903,0.4623802517143174,0.17819020013528858
4.095,-0.8532211072370777,0.17200106130017326,0.14156709033313813
4.1,-0.7403055663037392,0.3150417504942644,0.18517525346677907
4.105,-0.37061412195603677,0.3368904749749204,0.16634387762914804
4.11,-0.9737851703826784,0.723660877116793,0.13739943631418614
4.115,-1.2281451708108422,0.5467560862974442,0.12851507137045917
4.12,-1.219480397060302,0.8647371722497373,0.13635198933906328
4.125,-0.8488864406146208,0.7948803262361093,0.08118093831476422
4.13,-0.8613283215318921,0.9350308104543319,0.1041462652418275
4.135,-0.8793120851835554,1.0457041400732756,0.10999231309986872
4.14,-0.5503467350697445,1.3021369132189873,0.04873861049694989
4.1450000000000005,-1.302421203732596,0.851421770743811,0.10563260574225462
4.15,-0.5377100864751769,0.8875122802661203,0.051006071897268954
4.155,-0.15081297065128954,0.7207241173218363,0.08870495699317779
4.16,-0.5644030871089953,0.7434194769062006,0.06509797524557619
4.165,-0.23009075480833813,0.6764343006954074,0.1255158118679231
4.17,-0.1300612601836102,0.4618563047262248,0.06261421378182999
4.175,0.014924862649565619,0.4971536654549577,0.04650603342885148
4.18,0.2980368981227316,0.2438495388232684,0.08144487819887027
4.1850000000000005,0.8135518881302181,0.32586644444298407,0.05989937643417461
4.19,1.016345364506162,0.5889743840003744,0.02442578445822858
4.195,0.63923667604829,0.42864837598611644,0.06180688499351242
4.2,1.1759094629033502,0.3447481262436142,-0.0065504419040027856
4.205,0.809324329101097,0.11373555611479527,0.008201858792555876
4.21,1.1872870977871828,-0.03484776644413246,0.01396126801702868
4.215,0.7891181451100442,-0.05831105111900158,0.044283043634641805
4.22,0.8245897222934334,0.018758929043756655,0.057137228839169774
4.225,0.8601671518702234,0.08196223862419126,0.056921031393949814
4.23,1.449624329718615,0.04360167955868442,0.03418756971100872
4.235,0.9489643987570175,-0.00855627878431579,-0.010884518568406146
4.24,0.6214603907484668,-0.18336495701140706,0.06377755105119547
4.245,0.9930801163582381,-0.029307099606137647,0.09712297658845184
4.25,0.7291460774715182,-0.011792908114239763,0.09810055266830317
4.255,0.7243687251694751,0.07756760027162757,0.08435389944917251
4.26,1.0429117631098772,0.45597954184337053,0.04739905542792219
4.265,0.8681657610483796,-0.0410618940085659,0.06218464457812225
4.2700000000000005,0.9216017272823763,0.1764207294621297,0.1168957937491207
4.275,0.8506614002143058,0.34015794635461566,0.03412196022080348
4.28,0.8887477386484764,-0.11922118435161623,0.035620218082989374
4.285,0.8615178434920733,-0.12025463467824248,0.08024285207982096
4.29,0.2992118447639312,-0.24390523810754874,0.04506895575430131
4.295,0.7900459838398721,-0.34878927020885675,0.026498396698339897
4.3,0.3734019694600825,-0.6836651328391873,0.09133683852808017
4.305,0.21827077214481763,-0.4975978417657162,0.0700550572851677
4.3100000000000005,0.47239079617175384,-0.5842568786034597,0.05596220116328257
4.315,0.4840197095706767,-0.675109462418227,0.0449339800200573
4.32,0.32703892488575664,-0.9131744408027264,0.12685483596610742
4.325,0.6920936051103294,-0.8041777514409792,0.08466167666114349
4.33,0.29875834255007866,-0.9597215942647892,0.12249154224564017
4.335,0.5972111634832674,-0.8949236243845984,0.1125832457760639
4.34,0.6811161211434801,-0.5630705791366398,0.07816595238108173
4.345,0.9335530057555141,-0.875858513059147,0.07372548700402332
4.3500000000000005,1.147357626128516,-1.0801364684586574,0.11187279969360582
4.355,1.0143802855288566,-0.9044356493328832,0.10197790242179873
4.36,1.5140082128429424,-1.1225749763684463,0.01181924608781214
4.365,1.483041801981092,-1.0805549150633655,0.05607599498865539
4.37,1.1502404490679452,-1.0103934124337617,0.028177972537245775
4.375,1.1912541874891485,-0.8509700581576207,-0.004047848391604494
4.38,1.631824718392614,-0.5590759128413089,0.017413590491098908
4.385,1.5840901173493371,-0.5009605856652497,-0.026878676366349396
4.39,1.5816724477706756,-0.4024952475114698,-0.01046812768804603
4.3950000000000005,1.551659503566192,-0.541914587141399,-0.02065547697940761
4.4,1.5476711568131825,-0.40409037140061477,-0.01491787325072244
4.405,1.6383946425386526,-0.26862654448742124,-0.0058963571159919865
4.41,1.1362072275417103,-0.4154205351671219,-0.02973477295874354
4.415,1.0656651472215055,-0.4223715043534155,0.027583102248294543
4.42,1.0327288919068145,-0.40323257227416076,-0.0032789719536413233
4.425,1.2863660642366086,-0.6084510241675642,0.01904006555144051
4.43,1.4557681211094398,-0.6168782323162557,-0.03746087071640721
4.4350000000000005,1.066710691522035,-0.4946881664385879,-0.05942903080530958
4.44,0.5924258440055036,-0.7840730630377367,-0.019655692889714218
4.445,0.7242255376009429,-0.5993470962709251,-0.08907831341080369
4.45,0.8608820725126519,-0.6582556319443571,-0.09376243753857373
4.455,0.8560185290182469,-0.8872636463579576,-0.08508281401485693
4.46,0.8079921480971087,-0.76051947300142,-0.14075738715909808
4.465,0.8074536354183999,-0.6392975363238,-0.10181896172489889
4.47,0.6232178254185204,-0.5600195257939247,-0.10822784254671879
4.4750000000000005,0.7954628583406612,-0.37692340366953936,-0.0924686358638311
4.48,0.3065480155159864,-0.21056603268199514,-0.09911323015131625
4.485,0.15137425452578268,-0.05867430156740281,-0.0855608315119283
4.49,0.33539287944231155,-0.1297725833601566,-0.11392917106058419
4.495,-0.17633635608818032,-0.16554358605636674,-0.1271804017851974
4.5,0.1794197127227916,-0.31137517633584433,-0.054374533911844734
4.505,0.09335389630155169,0.09424212602917627,-0.1382090140510694
4.51,0.04695883226487237,0.2058680916692891,-0.1366567445192347
4.515,0.4546523438130041,0.3551216270319017,-0.09287210063409135
4.5200000000000005,0.0460239384821533,0.7517349673583297,-0.0725493967415703
4.525,0.7011844363571025,0.740709326591955,-0.11157851481835386
4.53,0.30690800865037937,0.7601835805139847,-0.09800336219284986
4.535,0.17781810627621727,0.5604626727465738,-0.17255399403378574
4.54,0.5531664199184954,0.6283529419032471,-0.14002278773202284
4.545,0.380446673819235,0.6515194001963961,-0.17217791146933792
4.55,0.49902022407741514,0.48740498229641027,-0.10706965434076884
4.555,0.7665128836876399,0.579700372026963,-0.15578287452433764
4.5600000000000005,0.7938324832689144,0.4686109146263403,-0.1412084166222351
4.565,0.5080092148272163,0.18683432467454428,-0.08925996530190881
4.57,0.7925490289039809,0.45696049948757433,-0.06571422667094796
4.575,0.7504755000307772,0.28528132797471933,-0.08394240946607058
4.58,0.7186758637972516,0.04642559198181446,-0.05789400778046395
4.585,0.4276802052688933,0.3347583429046013,-0.051947442675850705
4.59,0.5085311694923063,0.4570296027053081,-0.06572655303258154
4.595,-0.27569602226375767,0.6414967655447499,-0.0855111132901509
4.6000000000000005,-0.025014051048906305,0.5432080783124215,-0.04870282612510407
4.605,-0.21498195880746016,0.7832418769440345,-0.051974353971709686
4.61,-0.06789122576712245,0.7521443743811568,-0.051316916200901536
4.615,-0.2721042520821526,0.5819639386010441,-0.07141876380490728
4.62,-0.23988156382108097,0.5950801584038492,-0.11212448690031265
4.625,0.14067282700499548,0.9720794423390782,-0.07330081080925986
4.63,-0.3611913154533274,1.001212887891326,-0.09228524806924401
4.635,-0.31180066255302347,0.9023857276295605,-0.10412558094852876
4.64,-0.5386874310834606,1.1000024414201501,-0.0981605989213373
4.6450000000000005,-0.576311533437423,1.0767220597790197,-0.10419754794228185
4.65,-0.7072182572461483,1.0627450073456142,-0.06306299440324797
4.655,-0.737550498681731,0.8668428617738152,-0.11297229580314165
4.66,-0.7120721842980233,1.2474609129036986,-0.09991817129904565
4.665,-0.732277043920008,1.0565114900576795,-0.08316256229768403
4.67,-1.1285696908933585,0.867050497509008,-0.0390818781900589
4.675,-1.1595235366912136,0.7298124255256584,-0.05656778443822669
4.68,-1.5950851519089204,0.7300264674336786,-0.12701850806779408
4.6850000000000005,-1.400895006947829,0.3063116751454864,-0.06679543390292393
4.69,-1.1804786265190348,0.4815486024106929,-0.07849999306351321
4.695,-1.1622092615376296,0.0992114164997803,-0.15008471796790718
4.7,-1.2378572917527582,0.16121302481786817,-0.1938587416633998
4.705,-1.005733931937079,-0.05335208057075009,-0.1473874997314061
4.71,-0.9858445706247102,-0.06486971803367447,-0.1281086227001855
4.715,-0.7228719582556117,-0.14242496484482717,-0.12305028386513298
4.72,-0.8080155852403459,-0.034519195476461116,-0.1836393366127472
4.7250000000000005,-0.8474697938003424,0.2985802344911887,-0.12228942809234357
4.73,-0.6201173559078855,0.277808139321802,-0.2132747856125159
4.735,-1.2614111231738399,0.17596307601810707,-0.1659568880814977
4.74,-0.5248314529256245,0.14901721478575894,-0.1627867032878527
4.745,-1.3826990987209447,0.27619536797790717,-0.12210591379916627
4.75,-0.9934668726698788,0.29930877260213995,-0.11601803819171062
4.755,-0.5705028024575046,-0.011136391589526883,-0.1232538455682056
4.76,-0.6199903989963428,0.05121243012350768,-0.17851950079311837
4.765,-1.0319459528922366,-0.23961404733517072,-0.12995207612904067
4.7700000000000005,-0.9980799005265594,0.13576134912012383,-0.1430132987839372
4.775,-0.6105153539379694,0.23704625049987305,-0.19959275312039737
4.78,-1.0540186633865776,-0.06735679619833872,-0.2141417585577604
4.785,-0.5082209841752215,-0.4015165460144537,-0.1454423211196805
4.79,-1.0123788013431738,-0.04667391280295332,-0.1758223352613366
4.795,-0.9407226504649768,-0.3065857660378284,-0.2006735727986603
4.8,-0.6931409909385228,-0.34287451095744925,-0.1711543261779253
4.805,-1.020088895925516,-0.2582847993291579,-0.1502019617567402
4.8100000000000005,-1.276167690524358,-0.43303443480468273,-0.1502525872366499
4.815,-1.1086581314256565,-0.6775673255501339,-0.17210609128855517
4.82,-1.127948864819524,-0.8454147695879627,-0.07785921467390806
4.825,-1.4602477860345793,-0.8713230488830706,-0.08467644478482912
4.83,-1.284828834902015,-1.0568386593615295,-0.10317785477772755
4.835,-1.4595135117384186,-1.2278227939243456,-0.09118327944537762
4.84,-1.1790860660066136,-1.1454508253945461,-0.06721131794612838
4.845,-1.441948313095406,-1.0314625572799123,-0.09608692761098486
4.8500000000000005,-1.5725975999586783,-1.0444176556521552,-0.05854587986640964
4.855,-1.5799625670560788,-1.1289708748610499,-0.09571500189381764
4.86,-1.5298930736180814,-0.6859136182175763,-0.06582176925875745
4.865,-1.4358253658810693,-1.107475632949467,-0.09140660325573664
4.87,-1.7374284396709756,-0.6945400232359119,-0.08937842214225765
4.875,-1.6690430395141178,-0.6523863310124759,-0.022259270536176545
4.88,-1.1020795711885751,-0.5042214470886748,-0.05492139376509417
4.885,-1.2905531032563509,-0.4308293184150402,-0.04460210615851645
4.89,-1.3503934207147246,-0.3542485031919308,-0.08751347567264368
4.8950000000000005,-0.7882135753494296,-0.6255944005918801,-0.043622507887268715
4.9,-0.618030242292975,-0.4544698533004528,-0.007172700372592129
4.905,-0.885902488866517,-0.5142667997936035,-0.0018561743469832689
4.91,-0.3687752797254386,-0.7773442378794292,-0.04642178732377085
4.915,-0.14191785706814314,-0.25326090702726356,0.017224352060661717
4.92,-0.1265913195531256,-0.7048661943304797,0.026475841442778477
4.925,-0.0067421211966969185,-0.4274818267774571,0.05024656085632213
4.93,-0.4025902858705807,-0.42760286102511874,0.0038650442751626134
4.9350000000000005,-0.015688992811973043,-0.4568833127991084,-0.0371567635571504
4.94,-0.1512123810462803,-0.5975629010566258,-0.014029201790860393
4.945,-0.20020421883939,-0.4589912480549773,-0.023660705371399072
4.95,0.07452029839112426,-0.8504641267352353,0.01182448916128537
4.955,0.19267909760910815,-0.6898499492122631,-0.07568741939535432
4.96,0.2551560096202492,-0.7913921518200782,-0.02747958202854199
4.965,0.15774624052766167,-0.8073701954699118,0.013767319094487982
4.97,-0.13102381181220657,-0.6111362530080632,-0.019622729539635397
4.9750000000000005,-0.008154692737457074,-0.43570990795491027,0.0033590691056959022
4.98,0.1099773771790663,-0.5116020695310004,-0.05213135398014421
4.985,0.002963073226497496,-0.19803809983533313,-0.0462267645484697
4.99,0.031794287410610696,-0.12934719333225092,0.030005233638324164
4.995,0.1976568040279136,-0.0903953953015526,0.0028790330778425983
5.0,0.01445546722256824,0.15509060544924844,0.005393741631832192
5.005,-0.13810422505675635,0.27698596256546154,-0.023017634109828728
5.01,-0.0953530142936665,0.3133003573267167,0.003234025898021805
5.015,0.09129953750499913,0.5277188376025453,-0.030609553983291113
5.0200000000000005,-0.08876413160683944,0.5245934121704326,0.017564226688177892
5.025,-0.06422966915382736,0.2689805980420999,0.04618579968037813
5.03,-0.03589936030384267,0.2505917416560736,-0.01383837502023589
5.035,-0.2878339019442185,0.5324772195220547,-0.04644227835266315
5.04,-0.05475878976824702,0.35375279731252124,-0.09526688570543008
5.045,-0.11708300231931937,0.5174778283548094,-0.07693172227736378
5.05,-0.4126848373252769,0.6002070471442102,0.0006102237675183346
5.055,0.2396309330388314,0.330137633781586,-0.054977873262194575
5.0600000000000005,-0.0635292824532645,0.3260993174000265,-0.03169513629725712
5.065,-0.17176054736098184,0.7663212857533866,0.0024466068965891073
5.07,0.11667178100064905,0.5698571883492785,0.03324255518593351
5.075,0.2917303851533428,0.43514684248335567,0.005556544894862715
5.08,0.6931286358119514,0.32452066144720765,0.011733370635682427
5.085,0.7888126345019075,0.34254238295474004,0.03230151063966376
5.09,0.9249806199240013,0.21274489858910375,0.023209414333202304
5.095,1.2561106772817803,0.49074278043579167,0.029428875911273772
5.1000000000000005,1.2959429980987331,0.27194867836185516,0.05532589253798462
5.105,1.360890516205984,0.5857725646583175,0.051205023856399204
5.11,1.4219677379866713,0.46005005814155797,0.09715028800166524
5.115,1.481103452722323,0.4822700710500018,0.057974044259100466
5.12,0.8937693684547876,0.697808336005587,0.0761974454771074
5.125,1.2453213119171513,0.5166970244926676,0.02756907124791026
5.13,0.8291367306830683,0.9818023881881387,0.07083893598255588
5.135,1.2719225216392938,1.0563355151171276,0.05015193062770541
5.14,1.236502429383739,1.2374302108538537,0.08740314949712705
5.1450000000000005,1.4409615391144628,0.8519217942391621,0.1072970632916706
5.15,1.4600584527570588,1.236699733369738,0.10650858576601499
5.155,1.24635809651773,1.1108374728724517,0.17600909036883106
5.16,1.097902239151355,1.0731591879408426,0.1663811607857474
5.165,1.3108911869008824,0.7833920048496311,0.1718503476781651
5.17,1.0933594602527983,0.8323045662916118,0.17077532358816488
5.175,1.1955714158862978,0.39326600947778545,0.19957712716473192
5.18,1.383075565897156,0.6283051513909599,0.12675097747974512
5.1850000000000005,1.0143510861118785,0.3606545325113421,0.19168594244755596
5.19,1.2494888188612567,0.1870335091289267,0.13325669975459678
5.195,1.1509410890713447,0.21332760372904433,0.13873723528182133
5.2,0.719802850905781,0.31910566906856647,0.16019384421114033
5.205,1.0428312845695138,0.13889075144674312,0.17160753153122982
5.21,0.8966339479120531,0.2346552369153445,0.11278222820201173
5.215,0.6909035944615656,-0.15261257951346974,0.126809351820015
5.22,0.4447921448619391,-0.27494789548961296,0.14222045094791866
5.2250000000000005,0.38589518956724245,0.15302658101484964,0.13859939272341698
5.23,0.4446214623258412,0.04380360856223907,0.16735492999223417
5.235,0.6961003729412613,-0.2453256556595071,0.23275973963763533
5.24,0.427754565218631,-0.0798351617308278,0.1666152144154355
5.245,0.8040512846711712,0.11092393375436707,0.14269885408209396
5.25,0.5463891479814473,0.09258055300995989,0.13045697310705612
5.255,0.8828163413997265,0.12681446738630203,0.15131736550569613
5.26,1.0698695172946613,0.3232160844039155,0.13200153442406018
5.265,1.6841968841105537,0.10428962914157837,0.15720052797610357
5.2700000000000005,0.9709072648551899,0.2138908411772707,0.14672707401520763
5.275,1.6609081294260757,0.16685629116374714,0.11368168442080974
5.28,1.434163796558139,0.04894059251882284,0.15894515281371027
5.285,1.5160504326249127,-0.08446361171040333,0.08377103183717362
5.29,1.4499524282966956,-0.15907143708264873,0.08837208218311829
5.295,1.4885636087324485,-0.31246896801878493,0.09872742354240358
5.3,1.3067348843672388,-0.6064953532454129,0.10011846126526382
5.305,1.5787248269569583,-0.4684919779213277,0.10758309064787139
5.3100000000000005,1.0893848707112574,-0.8157780479050808,0.08879957248867693
5.315,1.3432430436376643,-0.7775189889367613,0.10651785956513843
5.32,0.8808437795782879,-0.8321197867112687,0.0706249034101435
5.325,0.9286548642536725,-0.7658989782431626,0.112180944613587
5.33,0.6444330180921745,-1.1316231557749694,0.11555756739986983
5.335,0.9108245884069468,-0.72248045535446,0.13191817410674983
5.34,1.0694428492275063,-0.9620003800038834,0.05743935263287662
5.345,0.6950072025905595,-0.7174022021789813,0.07307391766136483
5.3500000000000005,0.6186512293246131,-0.9801577813021042,0.10940115896278674
5.355,0.3655718169416076,-0.936736533004416,0.022385203735192205
5.36,0.4864976941994734,-0.6623180720109924,0.08978135416941582
5.365,0.11324640330157787,-0.9506528055736894,0.09723932955801173
5.37,0.16048527740866728,-0.6890499779790665,0.05445166870192897
5.375,0.29084873260865673,-0.782845213776459,0.055640592587611344
5.38,0.3990371228578485,-0.632584116596637,0.04114305209306135
5.385,0.5851948469762732,-0.5726209643470643,0.05773468001702716
5.39,-0.27180184055220324,-0.3567094256722097,0.06497980275283445
5.3950000000000005,0.0350927172182128,-0.48365025242756965,0.06948789117769862
5.4,-0.3285283859585318,-0.4664901088865078,0.07873942249661968
5.405,-0.49953373462518647,-0.39696492103462233,0.10075122426742907
5.41,-0.43333358635702657,-0.3128106469342594,0.11100581018524389
5.415,-0.5391244892017915,-0.4142606359987618,0.17052291870357073
5.42,-0.5228623941017143,-0.36533104916555026,0.12404372788866784
5.425,-0.5970525869350112,-0.3754031890055616,0.14517804456936498
5.43,-0.7457539039463024,-0.7862758541388558,0.12454122047319728
5.4350000000000005,-0.6948825237800592,-0.8226141773429235,0.12256224486509028
5.44,-0.1325260065986907,-0.9622771062422736,0.09277376811815907
5.445,-0.2339186177268729,-0.4794006910092927,0.09107482642132492
5.45,-0.20767759076412495,-0.6941535809981407,0.09462923792743667
5.455,0.00964475682970284,-0.6128437733643891,0.12299590399808707
5.46,0.2600190496491205,-0.7940736714132717,0.14123501582610198
5.465,0.20958608235104614,-0.5219739569183576,0.07354264471724549
5.47,0.11569346300499075,-0.3677632664282744,0.10404931184058767
5.4750000000000005,0.6096910248904329,-0.3998219234234787,0.08832072651151712
5.48,0.7822230605140986,-0.14558319769837708,0.11888504342022914
5.485,0.6413028087357673,0.09025502097871219,0.15546125771039704
5.49,0.807800806798556,-0.3066880377443379,0.12442976471261866
5.495,0.880467851112593,-0.24678350646365188,0.1368492526902112
5.5,0.8062438496370512,-0.14161290266859092,0.17267141102560526
5.505,0.5760935385650299,0.3106736598382809,0.14688227224080383
5.51,0.39488339683087614,0.3491473989212525,0.11260929640303222
5.515,0.16641995926460265,0.3102377940079703,0.12520281734261726
5.5200000000000005,-0.396155487454289,0.46003051431690867,0.09048166525109598
5.525,-0.2122707958709685,0.45077234831575447,0.10622796542639033
5.53,-0.8208577045035117,0.7749777081617404,0.09410871569080509
5.535,-0.8390628235562707,0.6425154911706367,0.035898957331643534
5.54,-0.5046789567153803,0.6639996822021151,0.05913060005679052
5.545,-0.7033117261548171,0.7506908753537254,0.04139125258189695
5.55,-0.6613532420796878,0.5701958958550494,0.04850047770458214
5.555,-1.1363372930679982,0.47604749259612417,0.049390128035009806
5.5600000000000005,-1.429713196897321,0.41979803766558443,0.03757134312035267
5.565,-1.3449244756915968,0.4523211522683296,0.017439291361407667
5.57,-1.3814184810502679,0.5203386827648017,0.045387322178301666
5.575,-1.488979392245458,0.35338099461339945,0.001937894023789447
5.58,-1.3519502818533804,0.4033444699316663,-0.01072961912100159
5.585,-1.7371950326747674,0.31382691089275544,-0.05862673903821245
5.59,-1.622904895185321,0.31763758283802723,0.008323020833854547
5.595,-1.9145658273891417,0.5965636652159624,-0.01789638194002304
5.6000000000000005,-1.5786830542274972,0.6149075851247879,-5.4042907094744447e-05
5.605,-1.6121904058801073,0.4660429909135823,-0.06773411832466365
5.61,-1.6815520693852761,0.6795295378046785,-0.04950196174176025
5.615,-1.4573608053792744,0.7556264103718525,-0.035662308355452144
5.62,-1.3168616895044127,0.7225914335602386,-0.08164587810360704
5.625,-1.1999723625810181,1.022702304892794,-0.05639687504851323
5.63,-0.6326130313727579,0.9002781236421151,-0.08445781632157089
5.635,-0.9124315417018052,1.0504120332276452,-0.0742870251310764
5.64,-0.8436283854600004,0.9263225106324297,-0.05846529524616203
5.6450000000000005,-1.1637828757772788,0.9392725425893363,-0.046231051967798205
5.65,-0.8581657117776312,0.8343874090199591,-0.06056744802836593
5.655,-0.7010173461082867,0.9969660860984371,-0.07501936116644864
5.66,-0.7923418167900951,1.0052701224574243,-0.05999095487992455
5.665,-0.37076395202107765,0.7882407651926469,-0.02872121869708712
5.67,-0.7331029417705349,0.8453893406915902,-0.06377435945115859
5.675,-0.4608266555912393,0.7784355614744113,-0.0425283168365109
5.68,-0.7599402683772762,0.7521114456523935,-0.04827191116114782
5.6850000000000005,-0.7964000468247504,0.6068572029970523,-0.044609145683148776
5.69,-0.8448301867341016,0.3010033560058094,-0.07023937160443532
5.695,-0.8352672017644156,0.29969268748298616,-0.09498914403166663
5.7,-0.46859660021057714,0.08331633506818084,-0.04406754185244081
5.705,-1.321671464117788,-0.3842833139029987,-0.03705150885306035
5.71,-1.2405534979442085,-0.09591683907991921,-0.10294831982032253
5.715,-0.9166242171249078,0.11632982221266795,-0.05117451550676934
5.72,-0.7905438545762118,-0.24883191512270617,-0.030697469333415002
5.7250000000000005,-0.6492481618982177,0.048170633251472826,-0.03605439358656296
5.73,-0.7113901144826617,0.306024905490469,-0.05204001551130444
5.735,-0.9241650355491419,0.01880004811811661,-0.05587465995506037
5.74,-0.6671771929554039,0.15288512856124636,-0.02365105800173721
5.745,-0.7166477416997078,-0.026578202773371973,-0.012850909859093453
5.75,-0.9529394521008627,0.36939358281430734,-0.011773815364865976
5.755,-0.8392919581267597,0.09407463248019277,-0.016517592511224442
5.76,-1.0282295472268916,0.06869847102216446,-0.039166246239858815
5.765,-1.22935466548506,0.20805347704327073,-0.008567386609291485
5.7700000000000005,-0.9583152324670958,0.07069928528872309,-0.01479498215567797
5.775,-1.0510683743514262,-0.1774145886690407,-0.030405402237434667
5.78,-1.0087968774927971,-0.16987227980071212,-0.042755931778296216
5.785,-0.5961404014014184,-0.032257362073648654,-0.016194873475571456
5.79,-1.3050816293286536,-0.22045674688447864,-0.07928925709643482
5.795,-0.9313881751297048,-0.4775698593860152,-0.04200491483669668
5.8,-0.7120496956937646,-0.2568847185489529,-0.09434670804755439
5.805,-0.3581338628572951,-0.5552193784533058,-0.054026714730314555
5.8100000000000005,-0.15841844256941995,-0.24111013182747418,-0.051979200139906916
5.815,-0.2599419996344778,-0.5838556478196705,-0.08725094461180459
5.82,-0.0011032404781043947,-0.881435176738631,-0.04051876469439265
5.825,0.14848737908563858,-0.9875250948351784,-0.06795634007992768
5.83,0.952138049980602,-1.2654229007982314,-0.10042111254239365
5.835,0.8791903779667352,-1.2264450533290903,-0.09172852367621177
5.84,0.4472916459140027,-0.9553363900879517,-0.06214383462565502
5.845,0.4758487876358959,-0.7647734519313352,-0.0754812384664579
5.8500000000000005,0.3098908644666971,-0.916935826957511,-0.1327338419216338
5.855,0.13967449008710497,-0.9427211086247768,-0.12384484485168251
5.86,0.5104222468730791,-0.8861952564289649,-0.1293141014671844
5.865,0.313196436277204,-0.8562729132178609,-0.1592701280722854
5.87,0.5056098094970204,-0.3413214750688531,-0.10418173335594831
5.875,0.18877077310329815,-0.5915770389419621,-0.16374728512948136
5.88,0.3836047225446157,-0.22692542631133056,-0.17758528133807414
5.885,0.6013470830136616,-0.3135858210321622,-0.15193194978486013
5.89,0.6750784362874677,-0.7584076616161417,-0.18889034595889823
5.8950000000000005,0.7125447990998369,-0.6190473061510186,-0.15450483316623803
5.9,0.3622586521781153,-0.631440210943668,-0.21292266150013692
5.905,0.8366947089622845,-0.5531194780316536,-0.17918043703815728
5.91,0.47951193068349707,-0.5446176455099809,-0.1386221358822035
5.915,0.7655606916808352,-0.09883117247453276,-0.12193191136531713
5.92,0.5928253236255937,-0.6539090843688902,-0.17393735682016284
5.925,0.25302895968685885,-0.4543350869526155,-0.17579164864347033
5.93,0.42293928789634266,-0.3956728132106115,-0.1428361605450124
5.9350000000000005,0.5104259449980538,-0.49595361003729904,-0.17361923841535065
5.94,0.5112439043983851,-0.512327313866591,-0.16928221558132098
5.945,0.31205765881964675,-0.7228429169490129,-0.14661052475938843
5.95,0.6518292637822103,-0.6155348193534538,-0.18322469598882515
5.955,0.5493649801865506,-0.6084944431742055,-0.21810977296212858
5.96,0.3192882150002269,-0.6657460501103833,-0.20163137796875988
5.965,0.6052354749937379,-0.6315454992917982,-0.16702352605781975
5.97,0.9583853300839525,-0.4724692666299378,-0.20391672656580295
5.9750000000000005,1.0894564976998966,-0.4555139181394473,-0.15744287214712563
5.98,0.5522429583530628,-0.4531746056270551,-0.1711390514480238
5.985,0.7693977033688255,-0.47321837176001047,-0.08692305336145774
5.99,1.4369719231407918,-0.22092353658022365,-0.061243042892819385
5.995,1.0376993815109008,0.004472659512279485,-0.12426293095888333
6.0,1.1072394272813424,0.2270128984751915,-0.08283278158168066
6.005,1.3874839172396634,0.2517789679410239,-0.10325231908628071
6.01,1.6542074368871607,0.2796049449981814,-0.08280134392582421
6.015000000000001,1.5858143935600575,0.2998608678910619,-0.03096382863689163
6.0200000000000005,1.4829385485167483,0.25880204606756696,-0.08422430356592933
6.025,1.4664365670922865,0.46005521473158245,-0.08179903898172466
6.03,1.426562109989669,0.2762234900226497,-0.09977961283884454
6.035,1.3452934418190108,0.3316055792800397,-0.05327231414115331
6.04,1.9673441522447035,0.4131434827331159,-0.15787304107023892
6.045,1.490251105403369,0.2866210621943568,-0.09133774958712054
6.05,1.5665234789918918,0.5436641136428759,-0.07939023087623366
6.055,1.2305996413120737,0.6135963262651948,-0.08895439232104306
6.0600000000000005,1.2613693734921139,0.447606660348244,-0.046561422164890384
6.065,1.122091813402688,0.4687285171453734,-0.030794898105853435
6.07,0.686085598279854,0.5960524830845233,-0.08393862252858621
6.075,0.9357272410480669,0.3936036297373891,0.005489574150056591
6.08,0.8162835103928184,0.3458319790694832,-0.07129312792591563
6.085,0.6857140281313006,0.5831214340280542,-0.00470256348928116
6.09,0.8602482875652407,0.5051652571125426,-0.03131250086313577
6.095,1.331548010228717,0.4510166268836722,-0.04968590000739974
6.1000000000000005,0.9560754958395609,0.511887353158328,-0.05340434623129589
6.105,1.1432285389418801,0.1529666990490476,-0.052764739765557116
6.11,0.8471739540681404,0.7073273865198818,-0.05659542817963434
6.115,0.8136942084026164,0.6845796221863732,-0.09280150752125302
6.12,0.34442834009370055,0.9003533545861581,-0.08570191005438424
6.125,0.549392432347519,0.9411190031312526,-0.10550293818466681
6.13,0.5122950816714504,1.0057192766347252,-0.12070509059966286
6.135,0.17766886432224582,1.0415098472748852,-0.1133978607214003
6.140000000000001,0.39352271130861727,1.1729354864084547,-0.12044773907017535
6.1450000000000005,0.3996535291765174,1.0738426484242958,-0.10026567656666947
6.15,0.19684836764678992,1.195264225472621,-0.07557181297431023
6.155,0.1369514388003191,0.7715827468106286,-0.07742465369816952
6.16,0.20738925510826528,0.8203632903230387,-0.02880416371572801
6.165,0.5752614461787432,1.0790236581437997,-0.12275666169402846
6.17,0.7272568000034132,0.6011632622077391,-0.05774045713409853
6.175,0.583576258962042,0.5669852422045962,-0.06851828023441851
6.18,0.8395973331043038,0.403414445579271,-0.05167844474446263
6.1850000000000005,1.0155466064977887,0.5166782614112457,-0.05791861690344759
6.19,1.059136242127753,0.31601453011864117,-0.08357978388659522
6.195,1.2629062987956805,0.34560562497118325,-0.08085308838074114
6.2,1.1799347808230163,0.4379668531915425,-0.10664085469329562
6.205,0.643271183552691,0.1565839878792802,-0.07729991447941949
6.21,1.1446880550404834,0.2927990149478766,-0.13548109672798045
6.215,0.5851988086316849,0.21813007873771756,-0.06990439744611299
6.22,0.826441237674933,0.17353637845264905,-0.08195475585460978
6.2250000000000005,0.5210360617226658,-0.020592037241206354,-0.08306831027296253
6.23,0.32545468261813915,0.37324921134649963,-0.06490026220395148
6.235,-0.057796112646872615,0.05119194463452565,-0.049409769766927965
6.24,0.2156976689172279,-0.03362355905555454,-0.0010021590600445235
6.245,-0.1468770209893012,-0.15622153428868346,0.05809736018341359
6.25,0.3332598203309994,0.019817991985491386,0.023201009622776974
6.255,0.3947272539668029,0.3069526913496964,-0.008513157049581182
6.26,-0.15633817597940325,0.4098079647344089,0.027063738632821997
6.265000000000001,0.01469284156397566,0.41563586014923043,0.03318662670949311
6.2700000000000005,-0.27877758343836734,0.3201628893925252,-0.0012312410757748622
6.275,-0.3459445657581812,-0.007603062904112623,-0.007445545840309061
6.28,-0.14913372143670775,0.1560456076457824,0.021774957751139135
6.285,-0.43904545832675385,-0.2044891819339437,0.04383223049120899
6.29,-0.1862115342450576,-0.37898843925972886,-0.009819892495996964
6.295,-0.7921242597865091,-0.28361097296549403,0.016092153619890526
6.3,-0.6054987409565171,-0.3849874484799738,0.0538079209231283
6.305,-0.9177689117479259,-0.4541749453428035,0.05113765106584471
6.3100000000000005,-0.8707625914100325,-0.6080973259802602,0.09504516200874583
6.315,-1.2134526884082217,-0.6718381107987969,0.04174562803419877
6.32,-1.175981769877146,-0.9292811128196071,0.14308862939349265
6.325,-1.2044530478283373,-0.831166335282407,0.06436364570966265
6.33,-1.3393517157560895,-1.0453686026214701,0.06343512294253273
6.335,-0.9698960208554082,-1.1304052543887035,0.11750726294573911
6.34,-0.8971358316431617,-0.7621966668200929,0.09704712204157265
6.345,-0.815678394029052,-0.9954926745617204,0.12408051575365751
6.3500000000000005,-0.5112714750756269,-0.7897928864593646,0.12148936289218788
6.355,-0.42685584176316355,-0.7736399614779264,0.11429912521145112
6.36,-0.7221233146804799,-1.019338145352308,0.09312307771265672
6.365,-0.4852045711979833,-0.828364776496797,0.11628021595601273
6.37,-0.6434916548468245,-0.9568402742141057,0.09236655162904965
6.375,-0.47725989108783257,-1.0485097341787886,0.12057932819314583
6.38,-0.6092498567267783,-0.6737545362860513,0.08737572087765084
6.385,-0.1597499168368712,-0.6488468501457025,0.06814889094020803
6.390000000000001,-0.4735149782587768,-0.5382340594672769,0.052577158163451904
6.3950000000000005,-0.6588220636930444,-0.10862185652880683,0.09124693545144288
6.4,-0.42755204423213616,-0.5428535525264795,0.06981168770770284
6.405,-1.2178915691408057,-0.25300032636542247,0.07236438646231698
6.41,-1.25295607561575,-0.46707389733327015,0.11999935523158105
6.415,-0.7133290580655594,-0.2551260741878161,0.06800514217977964
6.42,-0.9194963212062022,-0.42337702104066904,0.14239132363226184
6.425,-0.9167021955195566,-0.505828920698972,0.11005619701864766
6.43,-1.2811770914438656,-0.7819138867959061,0.09964968292102623
6.4350000000000005,-1.0243984414724239,-0.827073451172052,0.06857088712745492
6.44,-0.6111888444026352,-0.629162651316402,0.10135068915055916
6.445,-0.8853370179839682,-0.5159856890314837,0.0734982082173261
6.45,-1.0551872462183756,-0.6693988054589839,0.048169807140902535
6.455,-1.2266279818291475,-0.806952027253928,0.06118277976395497
6.46,-1.2719140448665873,-0.5574117331678033,0.011792847275592067
6.465,-1.7100310087981556,-0.17967684857670732,0.010613069799360652
6.47,-1.2790172841663043,-0.42510192673480696,0.023582414653778718
6.4750000000000005,-1.2379426347091567,-0.1581633679224313,0.06190568577655176
6.48,-1.8386582456719607,-0.40153838476062514,0.05997756877843977
6.485,-1.719448435254199,-0.24151023384100984,0.09255653694928513
6.49,-1.8853874507336412,-0.08588470886531083,0.05497107684075418
6.495,-1.8812514278312473,-0.04672856502698638,0.0980953882023277
6.5,-1.6715314804192085,-0.1259165861803533,0.08877312090957189
6.505,-2.1026537745906477,-0.029801717458721576,0.0742005193810949
6.51,-1.467214571899463,0.34152654857422843,0.10789709421212186
6.515000000000001,-1.345390769144656,0.49727860591279466,0.0977112084885623
6.5200000000000005,-1.4395705226403626,0.668001920971957,0.08314003334660126
6.525,-1.7735456676029195,0.8201066091222038,0.09644011682561507
6.53,-1.3016200039371482,0.6685092063771706,0.08988597351327064
6.535,-0.6668571004351236,0.6521985544235243,0.08764191975650232
6.54,-1.369630460039479,0.8910663851460513,0.08164512291302509
6.545,-0.7115436885583748,0.765388214176227,0.06322439666417475
6.55,-0.7707768838229202,0.4582232515976765,0.10078060746071985
6.555,-0.2540647824151851,0.36348157489417243,0.08819549850203978
6.5600000000000005,-0.5040296216220247,0.48764106306632427,0.09338110254448989
6.565,-0.23426880835244965,0.3152369473165726,0.1234951048898309
6.57,-0.18358532881051923,0.2845539488015903,0.15876920068755246
6.575,0.08576949700162617,0.42202627983024427,0.15787184802047033
6.58,-0.36315577633038454,0.39710398007110415,0.15148806613429686
6.585,-0.2583091438615725,0.5294293865779095,0.15853730116455292
6.59,-0.6731186683260363,0.14516174808555274,0.19181158417939367
6.595,-0.1133621421053321,0.5401040388148312,0.12257837819507589
6.6000000000000005,-0.531575695228213,0.6886832304705703,0.1961643254243319
6.605,-0.4799883224055762,0.4513910779598133,0.12987771012688193
6.61,-0.34628209077757227,0.6334661001647629,0.1352296604675094
6.615,-0.6493842361097676,0.6488505966944946,0.15024659214564298
6.62,-0.2384724354508625,0.7975944478057563,0.2073232722788679
6.625,-0.054571465156980796,1.0432964872634696,0.19114403242152705
6.63,-0.17954991843295173,1.1177160920737825,0.1655435691823505
6.635,-0.5736158101161049,0.7421071994415684,0.15655262314178475
6.640000000000001,-0.26734331395741473,0.9634087990421667,0.10576060360556129
6.6450000000000005,-0.10371108268644547,1.0065595555083684,0.15574819986598137
6.65,-0.697270374937193,1.0210258263461565,0.1426759108463437
6.655,-0.5694381969835397,1.0515176127221264,0.1397014112257074
6.66,-0.20006706631123336,1.0462402851624306,0.16457760262918886
6.665,-0.3730082590179197,1.2187733374690644,0.14996701519997196
6.67,-0.3747872539048326,1.0768148801363535,0.17865883950066136
6.675,-0.07887532928564038,0.6745796158749128,0.10713662485021926
6.68,-0.363350616329771,0.805985244650686,0.14533237261931903
6.6850000000000005,-0.2804083196941436,0.6676063847887385,0.11139455821689905
6.69,0.2325951015101347,0.42732745927188764,0.10885691723026047
6.695,-0.2851202201202434,0.39307432960118666,0.11108855076059504
6.7,-0.27494482889536154,0.1354863491587988,0.06340827816045734
6.705,0.14391436985262832,0.04842028891664605,0.08022575144231407
6.71,0.31801440115042284,-0.010514219445839667,0.06025913975071606
6.715,0.2889123326462768,-0.32019964215269864,0.04125464895075002
6.72,0.3538169535782119,-0.023126725963215668,0.04006512821759952
6.7250000000000005,1.2269430647739399,-0.06189668323695636,0.04452946036700371
6.73,0.9427687565072466,-0.08462469568125237,0.029410630149603944
6.735,0.8297534864872844,0.32811526058834733,0.04819616092120994
6.74,1.2657075702554057,0.2236461337744406,0.04258623945919851
6.745,1.1019592555866053,0.1530077120487345,0.0353246190646129
6.75,1.099615676296417,0.06044436017992653,0.08604654758719858
6.755,1.2797277996610967,0.14756234613461117,0.0557314864726983
6.76,0.8738331828313244,0.2018615596735072,0.03201208625301841
6.765000000000001,1.2051472816063888,-0.09937805871235636,0.037256026353495696
6.7700000000000005,1.515424203158089,-0.023211170206368294,0.0010271363998918279
6.775,1.1863409318022686,0.0683449046300098,0.005239806476174346
6.78,0.9927656138527505,-0.35150721013078434,-0.0015127767819071369
6.785,0.959559665287558,-0.11012784070691146,-0.031561872774251175
6.79,0.9832992064168644,-0.1929971061827677,0.0004435147597639337
6.795,1.025951533194734,-0.19802405528895212,-0.023963560042942606
6.8,1.0111995155760813,-0.32008128304074757,-0.0207780281285439
6.805,1.2967343421169044,-0.3271985295881364,-0.0229446412827543
6.8100000000000005,0.7330796797806761,-0.19779231754140336,0.06528677362036538
6.815,1.2769760121028357,-0.6544266175205748,-0.011892068026449893
6.82,0.9867009332422899,-0.7127439354088155,-0.036089392956386274
6.825,1.1063721001802327,-0.6079155131960919,-0.01636384842464498
6.83,0.7277250517663831,-1.0766480288646398,0.04660941717688239
6.835,1.1815258464647533,-0.8157213915466163,0.06593908835057381
6.84,1.0859091637442895,-1.0978285477804957,0.0219917666596892
6.845,0.9461815468931141,-0.8281817337802941,0.06853395726126955
6.8500000000000005,0.3462961582981218,-0.9135807628293076,0.05401730234940212
6.855,0.789593751981494,-0.886464073871179,0.02824739004631367
6.86,0.6637914849960378,-0.8345642417065298,0.021380181553133388
6.865,0.2266801194835964,-0.809416205144107,0.02621181482481474
6.87,0.5864613569450285,-0.6209463327017418,0.037679828372316336
6.875,0.7226533778420825,-0.4384987497964668,0.023072897784943185
6.88,0.8452811774128506,-0.5269539888017343,-0.0033789167865176987
6.885,0.869722920138887,-0.5546163068459752,0.009407103455002109
6.890000000000001,1.015696142746586,-0.5484024647253983,0.06307743942473423
6.8950000000000005,1.3973294873193023,-0.38530538515410645,0.027407451569626585
6.9,1.4719306746287697,-0.36446738177203697,0.047606132311759294
6.905,0.7147257031127673,-0.6358951647678861,0.04549054130536074
6.91,1.3563733800438769,-0.6303488043161539,0.043686004910309086
6.915,1.461217753105228,-0.4676588978992641,0.042153722891063304
6.92,1.1656518690739925,-0.2867896065364699,0.06010995123069231
6.925,1.5729748940183415,-0.3250886119521013,0.05216294558351988
6.93,1.8041686139872826,-0.6590027733433285,0.034488848826598056
6.9350000000000005,1.2658239813889942,-0.5329513837285019,0.0021409830267824204
6.94,1.510666246203323,-0.6590172723130603,0.015315954169129425
6.945,1.1720558320441006,-0.6132893899405047,-0.008629743942356256
6.95,1.1471015530713904,-0.40441478655041335,-0.02780414858749638
6.955,1.5292357366045675,-0.8810757774810372,0.029488447389623345
6.96,1.0265352192202761,-0.9400843973117583,-0.08026147595165012
6.965,1.1773884693362637,-0.8286885137146982,-0.030429856978348335
6.97,0.624341504941073,-0.6310706602738803,-0.07924600536580668
6.9750000000000005,1.373539380128047,-0.5000813580213259,-0.05978179445052071
6.98,1.061017993370912,-0.401568237730762,-0.004676072390163187
6.985,0.8494364136235307,-0.14236549252207836,-0.08831834303702664
6.99,0.9619417606547468,-0.38485013616784874,-0.0835611128406732
6.995,0.4788388458763946,0.20291411873234574,-0.06868416254240532
7.0,0.9591092379676854,0.1474595631971269,-0.09144268059399568
7.005,0.548682315158432,0.4222941374946893,-0.05643849086450962
7.01,0.46966530254015876,0.2249629159940082,-0.09765764799821054
7.015000000000001,0.2902492630864843,0.4680263006172377,-0.08010040909130428
7.0200000000000005,0.14432813977669418,0.5248223837586471,-0.1385996292927785
7.025,0.28706224643027,0.6560631805279743,-0.16277862694187437
7.03,0.06889769401631579,0.25993214625510047,-0.13874296398108182
7.035,0.04178848000915359,0.47695575938053675,-0.18190125268525045
7.04,-0.19042177980078664,0.3157057266808504,-0.11926790186570581
7.045,-0.14367050954518895,0.546153120663625,-0.19745627478663277
7.05,-0.37660616371163214,0.5996834425957627,-0.18942219588035594
7.055,0.18699189278453723,0.6906840300862894,-0.15557155403933942
7.0600000000000005,-0.5943476697010391,0.44963587871754823,-0.17612607692464508
7.065,0.06575571812972306,0.6610088623254442,-0.1927566632814202
7.07,0.16547025091787196,0.7121140590622177,-0.10280024178641929
7.075,-0.21913877068656165,0.2626332254735992,-0.16705573533339843
7.08,0.531016743154581,0.5424568597401385,-0.14183568761826892
7.085,0.35393503921778546,0.5495790932392327,-0.13725051018308662
7.09,0.4203469381780833,0.3440809166731678,-0.11284833363359034
7.095,0.26910924444601364,0.19558453263046074,-0.11801267546073452
7.1000000000000005,0.240657559383257,0.5143272151362948,-0.14960547211305514
7.105,0.2380255664932736,0.2625869655684342,-0.14078088058630178
7.11,0.3342444279097817,0.4913782404792675,-0.142088799725353
7.115,0.4937103486109381,0.6236665375379086,-0.12262475631751146
7.12,0.15773403686809134,0.8587412365726631,-0.16974004420793087
7.125,-0.16409202955123592,0.798233174958854,-0.09530545279130943
7.13,0.11168104511267611,0.9023372879881586,-0.15798253570323276
7.135,0.037841775431109274,1.094253737845609,-0.13523536406862227
7.140000000000001,-0.10796124244901185,1.2630319636972236,-0.15439545526105855
7.1450000000000005,-0.168345769840142,1.4401782039462736,-0.1477221348376805
7.15,-0.4544164715052301,0.8604771618167041,-0.1266154610471445
7.155,-0.6539635615532239,1.0396256176122798,-0.11743816172498726
7.16,-0.6926029496505515,0.7435557807848263,-0.09381761369900041
7.165,-0.9045586935617236,0.9344157095286157,-0.0982848325158955
7.17,-0.5544899660265697,0.5571240218635509,-0.052909501147472546
7.175,-0.6787863615883395,0.5055396438304424,-0.08444297253834854
7.18,-0.8212674549434977,0.4447541757015618,-0.08706688917358303
7.1850000000000005,-1.4378004499661363,0.4586046783901935,-0.07817233176904838
7.19,-1.1666913926197109,0.46534196391030835,-0.0507036930188698
7.195,-0.7672019981245315,0.43996868047348986,-0.07517285269207949
7.2,-1.2630224223114748,0.3176597600691795,-0.0890336522686478
7.205,-1.161899324476378,0.068266603070257,-0.1260207880758062
7.21,-1.6492509021987358,0.2865831971470195,-0.12342668473314616
7.215,-1.1468249889806283,0.10227861643850786,-0.1287290855421147
7.22,-1.5664087662078923,0.20903358539682385,-0.06804056984697884
7.2250000000000005,-1.5290410583384149,-0.09236888637607032,-0.08403034577867738
7.23,-1.118416918823935,-0.21372056043481621,-0.11293649899087625
7.235,-1.2811789524384378,0.06198730544293789,-0.10157671130460239
7.24,-1.6266521055082526,0.34477366007362803,-0.10355686846154531
7.245,-1.6135920535897965,0.2943593705731105,-0.10207883465180956
7.25,-1.4572423601566682,0.33421999341610353,-0.06971905919250844
7.255,-1.1624214344842,0.28769848938467607,-0.08904792923123192
7.26,-1.1689430725947716,0.6581380274589178,-0.03824936943335351
7.265000000000001,-1.1072266003393139,0.2263824186822901,-0.0651034041536804
7.2700000000000005,-0.596175019890615,0.2029446029405988,-0.07329558005903315
7.275,-0.8379135986667248,0.2974947429840784,-0.09916689821540929
7.28,-0.2501493593541699,-0.15375905527184464,-0.13603359362321657
7.285,-0.6754089298720064,0.15761841353720446,-0.1226010972141289
7.29,-0.2941678491671758,-0.07900977180607559,-0.1534645572097675
7.295,-0.6039148503252496,-0.189944344859542,-0.1132358442268096
7.3,-0.49967849759428984,-0.37991955744531164,-0.1450497594557425
7.305,-0.899104869820027,-0.6041785561128362,-0.14835712114748867
7.3100000000000005,-0.9733849323797374,-0.8280017345697972,-0.14869317573320678
7.315,-0.7406396720462185,-0.7665025474554225,-0.1058941849287485
7.32,-0.6705470871815775,-0.9279538776801436,-0.1739185430359208
7.325,-0.906734576830576,-0.7478511357922505,-0.09064377163248881
7.33,-1.212447081170881,-0.719243915675572,-0.1320685768771584
7.335,-1.2394500704042557,-0.6399028387270482,-0.15608430397124592
7.34,-1.2556322122900612,-0.8141865722127738,-0.13814923941929816
7.345,-1.3245264883428642,-0.7590347012009823,-0.15867312636074393
7.3500000000000005,-0.9190991238569077,-0.954644475591022,-0.10604325735564885
7.355,-0.7016384757645422,-0.9972616582184867,-0.1483188574428775
7.36,-0.9526129186521664,-0.8652903100776578,-0.12315825364478113
7.365,-1.4522601321130637,-0.9660344383412441,-0.10313415265366536
7.37,-1.0441735679426398,-0.8257161525382128,-0.14652746559513083
7.375,-1.0849632845900765,-0.9379146033848288,-0.13579892303699445
7.38,-0.6597943732940583,-0.8153921486615009,-0.15583577154823497
7.385,-1.4804182329614515,-0.492925339864175,-0.12700805020164613
7.390000000000001,-1.3135896350725198,-0.3512354658877132,-0.04718925448816248
7.3950000000000005,-0.9178643118179073,-0.5259503387678103,-0.07631128710150537
7.4,-1.2208819224537575,-0.23327899937760746,-0.08610126330839682
7.405,-1.2077190283075387,-0.3820475711188862,-0.07893975206382958
7.41,-1.2850347495067207,-0.32453773516312207,-0.0507576029768406
7.415,-1.187741549468159,-0.18343139057251007,-0.0333025307193674
7.42,-1.0072940664621,-0.3516297673676601,-0.03498965722222361
7.425,-1.2297172474752907,-0.44712277777534737,-0.004293810282298209
7.43,-0.7265368405860911,-0.3797111782343743,-0.03338381438725681
7.4350000000000005,-1.0445074318127718,-0.8183761357393405,-0.030365185344369664
7.44,-0.5079815673557926,-0.8988019441838498,0.0019826468141253255
7.445,-0.365155534135054,-0.867342246670639,-0.03388032835598955
7.45,-0.36799724707538367,-0.7729640687408434,0.010667243655839476
7.455,-0.09059342442742042,-1.0123224944459852,-0.005788324159689365
7.46,-0.09053293601407653,-0.6344176316025606,-0.04569335295977604
7.465,-0.08497314111030144,-0.5985618197682596,0.004362990317940204
7.47,0.1416621911291883,-0.32907308968288845,-0.030766375066318356
7.4750000000000005,0.028024899273233286,-0.31452719571324456,0.03382588983955607
7.48,0.35586237370195317,-0.38185829942290594,0.02201818667609033
7.485,0.04691131461970051,-0.15242842507347365,0.08197091791311703
7.49,0.4383898288771415,-0.07126934975729007,0.07397865839618584
7.495,0.023509314768047157,-0.21104892470751388,0.03280045834375479
7.5,0.1454268424005234,-0.08738812013910657,0.016681930497837078
7.505,0.1296792276371666,-0.22935352154172647,0.049688432949302114
7.51,0.551565585203716,0.04851644702714745,0.038860040777555296
7.515000000000001,0.3547475697527601,0.22469435014854877,0.10717091468881881
7.5200000000000005,0.2631030715863904,0.46533084273332725,0.058460755501838976
7.525,0.4441819293942991,0.4326135440400732,0.0730224559313063
7.53,-0.08167472270767158,0.5771688724896349,0.03611359471428273
7.535,0.38516245221542733,0.5233592510789542,0.030460793561389577
7.54,0.838011990409274,0.7247724259991969,0.02702888864241557
7.545,0.44423647762670565,0.7248879357616459,0.04886237984948416
7.55,0.41956020034273406,0.653402319928785,0.027888876237742513
7.555,0.4956047037889648,0.5109062155687211,-0.00394313756057226
7.5600000000000005,0.5297977483796046,0.2011059927176859,0.06135915205522076
7.565,-0.1369950070391064,0.2528449849080783,0.02071486592837523
7.57,-0.12220320386815378,0.23087250984452887,0.02195252010735091
7.575,0.23343630805238982,0.21402037289753928,-0.02873401980094654
7.58,-0.0004183823873070428,0.3006919265285762,0.056260275238183825
7.585,0.41525044991346977,0.542913021358091,0.04581599094633294
7.59,0.07656589740118354,0.5318541450185504,0.045558646214748484
7.595,-0.23059968260248043,0.3652071833001283,0.031159547065015263
7.6000000000000005,-0.018289988547403453,0.6863879025327865,0.02237627090835194
7.605,-0.23403868442325457,0.756796141000052,0.020943110640826993
7.61,0.43002309979317216,0.6121596745478276,0.033578105188490956
7.615,0.5871928127682342,0.886950729780308,0.031240099664469115
7.62,0.6963092303634595,0.7719325021241537,0.005846404969302288
7.625,1.1795386473630642,0.6151425252805794,0.030817324359009694
7.63,1.3608061777209792,0.896805838170331,0.007056947236115723
7.635,1.2090213612047425,0.8874533125256999,0.0006822496395614174
7.640000000000001,0.9076751001647959,0.8571055996492363,0.02389216523633228
7.6450000000000005,1.5855921718963721,0.9225228927058908,-0.003156860923735924
7.65,1.6330991383843447,0.8650439831675194,0.04546816410178911
7.655,1.6118685740274448,1.081277590071613,0.016131070954524113
7.66,1.7599685175051578,0.9973062696978722,0.04025811242008293
7.665,1.28470147226925,1.00438381140602,0.02798421813367568
7.67,1.9293730983579487,0.971767512756,0.08019139634854466
7.675,1.2542224754556577,0.6612702425040382,0.12865252158901358
7.68,1.5749029932158356,0.567793074080159,0.09241222013615558
7.6850000000000005,1.0137089809110864,0.23036021627197792,0.1122689509711216
7.69,1.1408089796845582,0.4625311859847892,0.1527871111305872
7.695,1.6367954680910377,0.06275834842840705,0.10695702853282761
7.7,1.2389426861995716,0.12766347140124062,0.07963846051395486
7.705,1.4607076783134416,0.07245375065534096,0.08411737589839524
7.71,1.320109098789521,0.05729459915999563,0.10201902518682972
7.715,1.2316849841671027,-0.20544102286266727,0.09275615743682486
7.72,1.5212391871154238,-0.020979227808580116,0.10257115037200584
7.7250000000000005,1.1428268666463992,0.2677000158436441,0.1489833197914884
7.73,0.760717980294185,0.3242139294627049,0.16176884064666366
7.735,0.9001057415015514,0.26515724948925107,0.11164642581356068
7.74,1.1044639241870753,0.2001491139122571,0.1431510080023515
7.745,0.9745221455956408,0.015550683327319187,0.16208687526268895
7.75,0.4524725656378872,0.24133254880366733,0.19525029587056145
7.755,0.5298210275100025,0.083547888705612,0.21321430215094087
7.76,0.46616695435345595,0.14112864883140006,0.25159553325878287
7.765000000000001,0.4344205257883817,-0.07201810553592865,0.17599113990182116
7.7700000000000005,0.16385428474076708,-0.04690414998820413,0.17292527319443005
7.775,0.2966491707711196,-0.03086670515059106,0.19015130126007854
7.78,0.2793564505769249,-0.04393291283130076,0.15299456047000978
7.785,0.6345582034594002,-0.03242770289707633,0.15822010111140525
7.79,0.7056735193534381,-0.21412478695659723,0.1452453103228172
7.795,0.5876287279733605,-0.3684867272819017,0.08864977316322904
7.8,0.6360377155582919,-0.020380785746868538,0.1501107011399633
7.805000000000001,0.8568371469305239,0.004244304939630355,0.14226740541402716
7.8100000000000005,0.7568002592381272,-0.40585147672732597,0.17746611134764914
7.815,0.7783086622390006,-0.7953782006031048,0.15017429506360358
7.82,0.894558887636928,-0.8628336903248731,0.1233492003623264
7.825,1.0063112858572607,-0.8173026736842539,0.14875560891281803
7.83,0.9111939627892804,-0.8101086504949441,0.10632602775842266
7.835,1.182453409961802,-1.2424319018759133,0.12513588443299464
7.84,1.2645787422161834,-1.1161024696740254,0.16380910439347335
7.845,0.7079053027035551,-1.0517103308046531,0.13569124686271136
7.8500000000000005,0.9726401563997883,-0.8974602199381149,0.15307764936872084
7.855,0.8303947234833673,-0.9781762168867737,0.0734538276983696
7.86,0.8564585746295995,-1.0457209486861916,0.10087913946513473
7.865,0.6890843202557653,-0.633910015753711,0.08250169750241726
7.87,0.2963388917174838,-0.47309779305159744,0.10422976311264835
7.875,0.2608776197091861,-0.5766150495571819,0.08786247627751054
7.88,0.4696402945863426,-0.46799078451366855,0.08015442501610308
7.885,0.6235572290073519,-0.576866562098395,0.09729917624405197
7.890000000000001,-0.12389991261394748,-0.6322614455388891,0.05168167091936182
7.8950000000000005,0.3668552175538553,-0.3805205435458422,0.09327614011133815
7.9,0.4859529301173371,-0.4825294556364952,0.04110393259554114
7.905,0.12838403081357633,-0.4727523714502806,0.044714731588961096
7.91,0.19411806065367426,-0.3244060792748099,0.0920371503496801
7.915,-0.17283598412272555,-0.6697977620377609,0.04250872467930129
7.92,-0.1622831352595186,-0.5798862400510142,0.09276845507339157
7.925,-0.6086225010061086,-0.46434710927802997,0.08116652061375691
7.930000000000001,-0.895653059727847,-0.5620998129298564,0.10113959209338216
7.9350000000000005,-0.32649707554231805,-0.3853553990384288,0.07001410334855
7.94,-0.8619278861935037,-0.5542687375891334,0.0668798192747295
7.945,-0.8549115672669374,-0.7154750327138686,0.0713300296772491
7.95,-1.131534164298328,-0.6212731958090806,0.03837689014807983
7.955,-1.1758668834668662,-0.6565640752199449,0.03345923764528059
7.96,-0.9023170272017403,-0.5801829116123624,0.05958692752333701
7.965,-0.9532190579615791,-0.6565006493026302,0.04910622309497025
7.97,-0.5858764771982136,-0.6065699364084308,0.04451852040195519
7.9750000000000005,-0.377967128733802,-0.5424291644995365,0.05905303056599695
7.98,-0.16610615534141604,-0.4897514101062137,0.10730226434532156
7.985,0.0787035853222745,-0.40901386514999505,0.06965501709668827
7.99,0.6136916030368643,-0.09564834208993048,0.07910436097942102
7.995,0.2464599750316924,-0.011523331392308673,0.0592690233194444
8.0,0.5769335740299948,0.42961342233231464,0.10539725464236345
8.005,0.8463418056573243,0.5083655833824098,0.1262383336425631
8.01,0.7965836521684886,0.5006823067245182,0.13189186217880725
8.015,0.07303549090817205,0.5206694955032718,0.1133254896880183
8.02,0.1177986051327082,0.47912485862408427,0.12910897361992715
8.025,0.27024578291217566,0.3154245712799616,0.11794626631134066
8.03,-0.1049218762690185,0.45289304371252687,0.12007622925345687
8.035,-0.3422660994682917,0.4869129409868514,0.11033173971753027
8.040000000000001,-0.5733615457819593,0.5010007119204913,0.11830843764059593
8.045,-0.7248379205698658,0.5410849000897845,0.07350956623108246
8.05,-0.6734209015609052,0.6199950772046721,0.044427794710914736
8.055,-0.8603450600415521,0.4117145566442562,0.0911806240525785
8.06,-0.8701941763424829,0.4287699917966867,0.095784078852002
8.065,-0.8859085182673927,0.7348102290169134,0.11720655046703081
8.07,-1.0803497330741063,0.6289696899896727,0.11353395710769652
8.075,-0.8512902447112989,0.4391594144592006,0.13133108254369344
8.08,-0.37366267000501097,0.4410413505008054,0.10070883769476352
8.085,-1.4123809670806255,0.4000081344780539,0.08938117093585878
8.09,-1.0118586986224019,0.384996384372045,0.04633095094100219
8.095,-1.3042186669950384,0.43285389640121386,0.07753451190437766
8.1,-1.0930481529284788,0.7387117273717632,0.04599420346503215
8.105,-1.2922203876469893,0.45839248929284404,0.05020569017211319
8.11,-1.2328261580404125,0.6099031639684391,0.03144990682120922
8.115,-1.239240197503248,0.39162668023651515,0.025811108260441768
8.120000000000001,-1.5378909947104673,0.6895493730834673,-0.0021845154548725313
8.125,-1.4123685610042902,1.0597430986996021,0.009022218042147844
8.13,-2.208098587285328,1.0555267688166943,-0.0872464598349779
8.135,-1.3941907911675744,0.4617028341561598,-0.026856659216340256
8.14,-1.6473558705233076,1.2161875314252801,-0.008273962842484222
8.145,-1.4568665556700624,1.3881304367748166,0.004539286299597961
8.15,-1.873402393311978,0.7916374821163187,-0.023337296487320153
8.155,-1.686591073845197,1.2093259445181272,-0.001539367122176784
8.16,-1.3505970376851228,0.5060096165856959,-0.03783916904414304
8.165000000000001,-1.2421301969199199,0.9230258810723455,-0.04368015025093266
8.17,-1.0282632663952374,0.6881851986204388,-0.03513267048727325
8.175,-0.7102798113318305,0.2694166448035499,-0.053590557565348904
8.18,-1.1833341435071836,0.5906864203308951,-0.08001271687339544
8.185,-0.48247395953836836,0.6315449695515635,-0.08373577521926992
8.19,-0.5965284597411603,0.47107188598670113,-0.10879719303000256
8.195,-0.5765301415639467,0.4541926014313053,-0.08161667158431543
8.2,-0.8084660756998936,0.2603037404084866,-0.10409896557143218
8.205,-0.3725859611113775,-0.007278626524066625,-0.12131334990923669
8.21,-1.0001593772113697,0.27916330780606685,-0.13198129550481155
8.215,-0.3646933608799892,0.34885703868770657,-0.10952217569044587
8.22,-0.8464296951824167,0.18405412418856892,-0.10238031059323496
8.225,-0.5415360254079887,-0.32057487307123295,-0.1433593694563286
8.23,-0.5980914510100548,-0.2970914819769133,-0.14077718423654387
8.235,-0.3335994255985101,-0.21666809311952764,-0.08039706259079926
8.24,-0.6210246432380598,-0.30392916730024094,-0.12654495753802478
8.245000000000001,-0.7201282612155225,-0.02653899094811065,-0.0735979738875961
8.25,-0.6609331841531438,0.08894639720495541,-0.042072858495294886
8.255,-0.25761015157041656,-0.09565878838576523,-0.03766288250680892
8.26,-0.39187305502636693,0.2783929901367259,-0.05641558154748701
8.265,-0.5712768042027425,0.29199819338543026,-0.057632505575072324
8.27,-0.5320834557892701,0.13223797778987625,-0.02404764393691472
8.275,-0.821940577086972,0.14505635567492703,-0.13534305535023103
8.28,-0.42473172171479884,-0.18742427155028332,-0.09582481680569166
8.285,-0.9169487625518461,-0.07635334935138835,-0.0688051029012184
8.290000000000001,-0.4247033617603748,-0.168300764213182,-0.0988747824186633
8.295,-0.6064716169697805,-0.2935348365684718,-0.06213094622289755
8.3,-0.17122393060937446,-0.4053285221360595,-0.08983517762235757
8.305,-0.9526702779595808,-0.5470746493791347,-0.08114182818611942
8.31,-0.7595064666578817,-0.7154216566719369,-0.08394382883708021
8.315,-0.349252936927546,-0.7064239589159969,-0.08172449547486757
8.32,-0.44485640087515926,-0.6492742707229673,-0.0739246637626453
8.325,-0.781488209111493,-0.8298304030123402,-0.04708759362774513
8.33,-0.48627644739312187,-0.788190508099449,-0.06562952634727696
8.335,-0.4049723484163578,-0.8742861413256702,-0.021761038347749038
8.34,-0.19192818290421643,-0.9577395085721766,-0.02847662703506306
8.345,-0.2307980629756086,-0.8156504029482037,-0.02097192727220508
8.35,0.07797050629741988,-0.9910188978566516,-0.0791443498809048
8.355,-0.06661553569606395,-0.8754282036095488,-0.10093559793390176
8.36,0.4703547722820799,-0.9280681029648022,-0.07123996796969638
8.365,0.6861864487246496,-0.9544013588268547,-0.013818819679196806
8.370000000000001,0.6657519673354219,-0.9099047060104655,-0.06215249233707051
8.375,0.46567797048438475,-0.8599637696211702,-0.11349381686950077
8.38,1.0885629637977043,-0.9230961133357541,-0.09719532088124569
8.385,0.9952574320130497,-0.5285151391401511,-0.09433111408507629
8.39,0.7790755074208146,-0.4435725155596501,-0.14530970762465265
8.395,0.8730873779142768,-0.26727618329819175,-0.08112800066064553
8.4,0.6004981220363058,-0.4027010445030007,-0.11585649433206464
8.405,0.6852990807818621,-0.039824137950091536,-0.11246955231544142
8.41,0.7741493492332298,-0.3803846607726419,-0.10884686102629205
8.415000000000001,1.1418086938943788,-0.5064775478239028,-0.08318058225612682
8.42,0.7422047984087554,-0.6054901598951963,-0.13044899990104888
8.425,1.0233364559333233,-0.8036764785412042,-0.15804458549956782
8.43,0.7869755931651595,-0.4327281822359907,-0.11829888454771499
8.435,0.9738167974300687,-0.5259294694489072,-0.18361837151646923
8.44,0.9089505875525813,-0.6751808926762518,-0.15403809138516864
8.445,1.1378865665856688,-0.8918613984982982,-0.1307954339496036
8.45,0.8391946962533696,-0.4818109655774348,-0.1559395142843938
8.455,0.6052536179213664,-0.7300398832721712,-0.15426065466232802
8.46,0.6172654430026251,-0.6430993056404922,-0.1707253354616976
8.465,0.7539803833646216,-0.3192392169835326,-0.13222724158485138
8.47,0.5425539189772257,-0.3466695545815982,-0.20254438808173267
8.475,0.8293914427411786,-0.05397043332893395,-0.1763779082019219
8.48,0.5724785100393864,-0.26213969735168136,-0.19031450870809102
8.485,1.1137363051227092,-0.2915367750823953,-0.15024182813957124
8.49,0.18370660596621485,-0.25943618955964826,-0.16594282063389618
8.495000000000001,0.5659017477222086,-0.3630476318155621,-0.11635382978672755
8.5,0.2754880119428715,-0.05716619013696281,-0.1623177466369025
8.505,0.4345786903289631,0.24561411807902883,-0.11200125252547606
8.51,0.624803770364694,0.28663674353314633,-0.12825510553821487
8.515,0.18249562145490034,0.3322015710158894,-0.14214227042117022
8.52,0.8388170613396394,0.3146499083376771,-0.12952553796823715
8.525,1.3223784838219477,0.597833337627787,-0.1378461673881473
8.53,0.9574549659798197,0.7922834615659364,-0.13732907253722665
8.535,1.2485000533580688,0.7567658615558979,-0.1512037010367555
8.540000000000001,1.542035526029049,0.7241552801953307,-0.1615873524064147
8.545,1.4014606323449907,0.5525623442796367,-0.14923627114434515
8.55,1.4018492441580728,0.7189143756090814,-0.17413738511170168
8.555,1.1012397031181276,0.06774780523589846,-0.10544362184045361
8.56,1.754861322052651,0.4722665015492326,-0.14208351900982863
8.565,1.5956832294459822,0.702488083004697,-0.1045233930166246
8.57,1.3794974792391497,0.07568621747796905,-0.06978460628750478
8.575000000000001,1.5776925648614137,0.23684249006145378,-0.051193160807254647
8.58,1.366685627275796,0.28900895194767756,-0.09971298319581631
8.585,1.3114350984300651,0.2767974554037126,-0.04986292241208509
8.59,1.485270153953016,0.5634642876565115,-0.029361315665754235
8.595,1.0056139841476317,0.5709777701811036,-0.03439514397956898
8.6,1.4574490206599284,0.6122380842763613,-0.0025050112517569956
8.605,0.8866340521516272,0.7789197980044146,-0.053963173158532565
8.61,1.0022027361646737,0.7281291260069247,-0.08497783446583941
8.615,1.5176684314765718,1.215485794973077,-0.02084452979013914
8.620000000000001,1.3121248463195805,0.8158673739627174,-0.05482540433003867
8.625,1.0524118789720198,0.8413872713601114,-0.08457082821375579
8.63,0.7818463744578559,0.5915723647088662,-0.046326616778645704
8.635,0.8075230462630921,0.7802794775869094,-0.010838097866288166
8.64,0.8583285269133035,1.0509083298572925,-0.06420513284654575
8.645,0.7566187491994167,0.7395799437637036,0.02677725070181318
8.65,0.620561696919483,0.6623032354529291,-0.04000355698775083
8.655,0.5140966640780994,0.9998393162943043,-0.01084342566506519
8.66,0.3508963587658122,1.19662543698795,-0.034999292818388254
8.665000000000001,-0.032631978108073376,0.9868975020378283,-0.0009984342309216428
8.67,0.053841788943244456,0.8740573009327016,-0.00328559279919258
8.675,0.26636017722490113,0.5620610027241293,-0.0362324457553813
8.68,-0.2891883712452121,0.7575764034212392,0.060658489913677206
8.685,-0.07638482035518568,0.6350349860476712,-0.02390620160931799
8.69,-0.21796109478260173,0.13181487897344202,-0.03251264397461527
8.695,0.004999139764306983,0.39351238764509033,-0.007737280172604883
8.700000000000001,-0.049501938444727056,0.21689734492255885,0.002764517929023878
8.705,0.4232166230164261,0.17975662718450316,-0.021384075400924497
8.71,0.3048067315172982,0.05464098315299582,-0.08180944111494458
8.715,0.010838447745030547,0.056386451202694025,-0.051855049179271216
8.72,0.5242531984620951,0.0615960914808233,-0.10118543429191754
8.725,0.2929258172443348,0.15469176264596254,-0.03348149636035443
8.73,0.3921733338844105,-0.17374355718505227,-0.08813631501753554
8.735,0.6138427068580713,-0.08555978989633761,-0.06243318819988221
8.74,0.44513142197244043,0.04884797672969098,-0.03698422706914329
8.745000000000001,0.7155611680937733,0.13891507256049287,-0.020252078749598758
8.75,0.3086851405026811,0.19475344973473582,-0.031876839256624274
8.755,0.26965937940695694,0.15158088756667804,0.012804039742706753
8.76,0.1742740920237628,0.21957367225918858,-0.0050312885262543796
8.765,0.09785039641725692,0.17904693241746886,-0.008132418277239506
8.77,0.35564392150669477,-0.14548615267961293,-0.05488042308587689
8.775,0.16158089506417872,-0.020376585345442937,0.010053810513340589
8.78,0.3067014695238355,-0.19813866261670807,-0.05207397632599606
8.785,0.3502006830254538,-0.12854572735668213,0.0050865982299192055
8.790000000000001,-0.4193159004015267,-0.08713817499437924,0.01150056501739041
8.795,-0.24176737422379505,-0.6595917537127824,-0.02131380453000298
8.8,-0.5610379430268401,0.09046413818351016,-0.003432661390276821
8.805,-0.5295227282754384,-0.2667649432470729,-0.09092914437032379
8.81,-0.5569381034923978,-0.5528712183599336,-0.011622562031989688
8.815,-0.7167680627784588,-0.3371255045969997,0.03247606117077421
8.82,-0.7972511938862479,-0.8028257658662312,0.043114204754508265
8.825000000000001,-0.6993946933217389,-0.8703810884337816,0.007694518600517222
8.83,-1.0375687122037083,-1.0677828241956968,0.04314560163374938
8.835,-0.717608644142861,-0.8386502937034036,0.002462951242451087
8.84,-1.2177541319606264,-1.1133755121524944,0.08088675376003303
8.845,-0.5448106003971113,-1.0582567890500838,0.033713811659543506
8.85,-1.3538982289777954,-0.8496522496196958,0.10834582600592979
8.855,-1.337742586310762,-0.8472778790761624,0.11155050755697138
8.86,-1.7006166843940633,-0.8329740497244116,0.07344273059047189
8.865,-1.1009368353778042,-0.5649622299713738,0.09713254135091291
8.870000000000001,-1.2338553753235046,-0.2738502069476264,0.08082485185031822
8.875,-1.3833398472737888,-0.520238072040248,0.09400687179618793
8.88,-1.6765753281061464,-0.5086496669813276,0.0659195883587041
8.885,-1.2599556753091143,-0.4859424448089315,0.11407890438695804
8.89,-1.440729944972135,-0.32836247622370457,0.06988069981828414
8.895,-0.7749892894125829,-0.6096387860722104,0.07589317171111708
8.9,-0.7988985916504862,-0.5763703761847759,0.12713962909124257
8.905,-0.8436242263004554,-0.7585557215501104,0.13610327515198
8.91,-1.2923318454255057,-0.7029732806045599,0.15725387401308352
8.915000000000001,-0.9125701362046457,-0.594106064930116,0.1433020131096017
8.92,-0.5120626235103215,-0.5099665393820952,0.207405557118493
8.925,-0.38309554469917156,-0.2372687788209618,0.1684006770124848
8.93,-0.4137190739735288,-0.40702073106789644,0.16815045752864613
8.935,-1.020282325082922,-0.6242820090995647,0.16239307726851007
8.94,-0.662022507276483,-0.6304592181572123,0.17406526875203365
8.945,-0.5649049950310943,-0.38182618789380085,0.15553647752503413
8.950000000000001,-1.1935548556782287,-0.4717567148495692,0.14359547535594835
8.955,-0.8957783821595586,-0.676604424990537,0.142433873047884
8.96,-0.8820595525612306,-0.774289120100246,0.07602456570227376
8.965,-1.0402416005458062,-0.5533605986146545,0.07266270571339342
8.97,-1.3953614915005759,-0.811566009343146,0.11088975492586069
8.975,-1.0833843235133858,-0.5323181831204935,0.10843357163052368
8.98,-1.0906677164517098,-0.14291041253341982,0.12875593447252862
8.985,-1.0569200249503474,-0.279125481466171,0.11868802168459648
8.99,-1.152685279784449,-0.24567350409498442,0.13488494163225645
8.995000000000001,-1.1414399128949413,0.09326595449802202,0.09416075591568666
9.0,-1.0809641548057325,0.12520296914441173,0.12338560557041817
9.005,-1.0169240926072882,0.12270687883941164,0.09018269622126458
9.01,-1.2285167356131181,0.5102940977878955,0.12603998858434484
9.015,-1.3141826127737988,0.6248772546194066,0.06595304590123155
9.02,-1.2768257275797026,0.4477022261556227,0.10917792279401668
9.025,-1.7766874754277548,0.4400013190841811,0.05660892298237742
9.03,-1.3278635570063353,0.34783601084706267,0.07196673783358819
9.035,-1.4778637395219216,0.45148925173306265,0.09284756756439647
9.040000000000001,-1.4949824597299854,0.3893995145152048,0.07012749339435337
9.045,-1.2956802193718657,0.3324108761578741,0.021904973404510898
9.05,-1.8824192872929935,0.7568267930425918,0.04351215191329787
9.055,-1.817824336386186,0.5750163006055462,0.02611424174956968
9.06,-1.2364004000390032,0.6057182573432228,0.026470971504302068
9.065,-1.1662134985774697,0.6548318190776976,0.0759964330224001
9.07,-0.9762553613257776,0.6289773892956396,0.09470352308418252
9.075000000000001,-0.9454647932419638,0.43601091474275966,0.10046845163891892
9.08,-0.5349505106948211,0.49456593174563834,0.11205386139612135
9.085,-0.31273335445098005,0.3765671871900714,0.10383379855773311
9.09,-0.25727822073965695,0.4423441112937031,0.1017108790689885
9.095,-0.2857612898959434,0.4143916229127977,0.08461019668807594
9.1,-0.5749495886516788,0.32749254656363286,0.09887455270961559
9.105,0.11654149882556188,0.2442941479093823,0.07600800136182079
9.11,0.26347006624597075,0.5371263171854654,0.0840697063975479
9.115,0.16654990813225998,0.6005315899966789,0.10293575757670936
9.120000000000001,-0.15161497080084554,0.49145962493955536,0.09611443232754359
9.125,0.17427657443515904,0.9581024850474632,0.170533927621436
9.13,0.2022752579330728,1.1348807517554715,0.06952626097550692
9.135,0.3396097336388388,1.4366634534614109,0.10305958808013072
9.14,-0.186510193543244,1.0660534390893144,0.08006634747867118
9.145,-0.045433394006498824,1.0418539421424575,0.11370761278307444
9.15,0.17500637690792292,0.9165804668901296,0.1251580960916149
9.155,0.0497985216733373,1.0245871150018961,0.1636695087941397
9.16,-0.17213887064717928,0.9252090337936192,0.14295294618375678
9.165000000000001,0.18628297168028196,0.6764771070233321,0.15662728883558746
9.17,0.2503841197907637,0.6647492239828117,0.15589741683026834
9.175,0.1673795972818748,0.32174910622364394,0.1348235994015409
9.18,0.20558851171067957,0.6583721441120425,0.15075592476878988
9.185,0.09915825940067716,0.36072267819960285,0.15251870903469456
9.19,0.45025677008200177,0.4149004798376876,0.15632915046362952
9.195,-0.09113128381539716,0.17068526186018534,0.159426065825233
9.200000000000001,-0.06813329218161943,0.23624815317125425,0.13218475038708766
9.205,0.011013160056387849,0.2156628691381606,0.1237130453684951
9.21,0.15011347062511055,0.1800594155187565,0.0826639201231356
9.215,-0.39311357146037396,0.16985797331434757,0.13090538549115027
9.22,-0.37138755291829634,0.22767478885187467,0.09937946534455049
9.225,-0.5204491500697266,0.06286944370714563,0.13251670699591564
9.23,-0.043068480226554476,0.052029592375666324,0.14656546322121364
9.235,-0.22162853970559043,0.1063805720152113,0.11260705700093815
9.24,0.03346293968528985,0.0008832508796641169,0.09392139002093745
9.245000000000001,0.38340428842607355,-0.03794077359759404,0.11701811631642639
9.25,0.2544952661175054,0.1757236958440715,0.12290299609743936
9.255,0.6047515082436185,0.25715547040331155,0.10190631430266417
9.26,0.6611273835982104,0.260273146655941,0.08765558841071551
9.265,1.0343057249560166,0.0022597501035263776,0.10280575776039508
9.27,1.1452579756404666,0.09089961154836237,0.08770183055603674
9.275,1.0286638001814667,0.13063348576784686,0.052915562521953556
9.28,1.2467758835833234,0.1972653255332676,0.0068350500990056115
9.285,1.5827816575798965,-0.032532334839602425,0.04148251005445658
9.290000000000001,1.4915777945773343,-0.00910933740087176,-0.0002920998052780697
9.295,1.1296119174624986,-0.13194664220721164,0.012049902625049552
9.3,1.5648239147651068,-0.2897148958461773,0.0028477928924774396
9.305,1.173257846280783,-0.41158749143314427,-0.04964125018636593
9.31,1.6756005670520517,-0.8243203449590768,-0.0054810097270761365
9.315,1.558049013233507,-0.678737279007966,0.004778731164481671
9.32,1.3684151540771212,-0.8761286527867768,0.008975218982438452
9.325000000000001,1.313090760868437,-1.0487930640552365,-0.001643744529838504
9.33,1.2160171876419061,-0.8734695846972296,-0.049871986839687917
9.335,1.3947501789365009,-0.6613360885992488,0.025671132733931977
9.34,1.1662658542671447,-0.801646367032436,0.0026892094504606407
9.345,1.2937477008161988,-0.6049523634416744,-0.03998576912760253
9.35,1.425500462164876,-0.8877852397219036,-0.03705378800859477
9.355,1.1082199312656167,-0.5848547773689432,-0.02135217817326153
9.36,1.073618198747854,-0.907030309210414,-0.01953643986360955
9.365,0.9120967751160061,-0.9083958546267079,-0.05511862965441767
9.370000000000001,0.8850205683547672,-1.0439751785210896,-0.031133575510588433
9.375,0.6510757058264282,-0.6318236182861623,-0.09693687923266156
9.38,1.1130571408602592,-0.761904386817597,-0.08094239590395852
9.385,1.251146181861288,-0.6736770917707124,-0.10331680752962649
9.39,1.0755382043698696,-0.29562823088397944,-0.07142578845187782
9.395,0.3366674733222607,-0.22378825941420216,-0.008046861672911049
9.4,0.7649608328619341,-0.16824324358364737,0.013518113090959382
9.405,0.8614596726438359,-0.3580107218282465,-0.0198693627684492
9.41,0.434889910445264,-0.3340486326350797,-0.0314604127699292
9.415000000000001,0.5587763483766411,-0.3915740301704501,-0.014304953829973693
9.42,0.14428201206403754,-0.3551489499571703,0.007113518718842537
9.425,0.6945120726072915,-0.34033222981632144,-0.03816518359219512
9.43,0.49949635215575355,-0.596852243734944,-0.015365459732511737
9.435,0.8752727114692506,-0.4408254888012271,0.028724002732085814
9.44,0.6141699032357975,-0.6333988097615615,-0.03421394120425834
9.445,1.177256081360159,-0.7986580976555158,-0.03314742168564548
9.450000000000001,1.3840528090946542,-0.6202941867541256,-0.021252074786567484
9.455,1.0840373338752451,-0.4400297184670916,-0.02002261389765203
9.46,1.0698680808579182,-0.3235399411597385,-0.04475333260070029
9.465,0.8852071677606118,-0.35452648897438677,-0.029651290864742875
9.47,1.2916288258342365,-0.435918976069882,-0.01630490273352355
9.475,1.1990008370772651,-0.3947389378903979,0.018307974343798657
9.48,0.9419794410069636,-0.21600279728693011,-0.026275862826855158
9.485,1.300386739850926,0.0003543781029464768,-0.019426553455436847
9.49,1.025581298716054,-0.11207113790293166,0.021715035499129242
9.495000000000001,0.8040176213077419,-0.038666193487514836,-0.024000553318905576
9.5,0.8275180649995054,-0.010656304042363769,-0.04158043954821687
9.505,1.0919452059977004,0.03807955935142299,-0.00708138195412288
9.51,0.9175178506404282,0.17938447049879544,0.00666066850019799
9.515,0.6956947156192802,0.34842650276006754,-0.01878602424453891
9.52,0.798116447083771,0.697029786027447,-0.0408013772581005
9.525,0.36556647333034314,0.5320717683827285,-0.08551677710419327
9.53,0.568216307188542,0.656950943798289,-0.06678347356678332
9.535,0.5363123370040379,0.5740916672175875,-0.05003993527163551
9.540000000000001,0.3389918773676165,0.8016585815435293,-0.12002044959773625
9.545,0.45366959647427874,0.8575091503245853,-0.10693526351791029
9.55,0.10039217127479677,0.8256518380437046,-0.11779441173028547
9.555,0.26671282187017753,0.5378265719398788,-0.12990769143541853
9.56,0.15339725288017636,0.49925805911290455,-0.11021995406172606
9.565,-0.7182133346640491,0.31858069770589326,-0.10633271531840995
9.57,0.024714050141641825,0.3626989210475812,-0.10634508652339383
9.575000000000001,-1.0088845130779034,0.31511233287769785,-0.13916551719470474
9.58,-0.6061370038424625,0.2983358268054372,-0.1556025953599398
9.585,-0.3517587485896241,0.3614099455643047,-0.11337883685847981
9.59,-0.7077046943569579,0.4810905936990686,-0.13602761953318615
9.595,-0.9913391805234997,0.46293132269998677,-0.08805866690915379
9.6,-0.9174629211565438,0.5565946728648242,-0.09592900682483659
9.605,-0.43863474719002654,0.907189416847652,-0.10378760107570631
9.61,-1.0137516537100555,1.1077975123162913,-0.18328647138740192
9.615,-0.2865759657446139,0.5975644534563852,-0.1582559681862303
9.620000000000001,-0.4495296936150434,0.6170241675888428,-0.15995203419569096
9.625,-0.5979194216276771,0.6789610523423784,-0.16888260464544966
9.63,-0.3782779130783749,0.8180911080780693,-0.19813313819560058
9.635,-0.3947386546833402,0.983127220249804,-0.15966262807415765
9.64,0.06303091075958031,0.9725271243603016,-0.18611030611170387
9.645,0.06490482999553183,0.9520479698347665,-0.17680229961659977
9.65,-0.45554196818435,1.0409422763006906,-0.20747730393924868
9.655,-0.19906449968189135,0.8977408682418719,-0.14697458197292645
9.66,-0.3457662677341252,0.9690231833639509,-0.158818352264131
9.665000000000001,0.04662981977062255,0.9780920553974762,-0.1334779053227187
9.67,-0.5986833502688061,0.6981490417506675,-0.1322748700158913
9.675,-0.055408616592090204,0.660322466841077,-0.12918944445493205
9.68,-0.4920624341829625,0.5357594000795963,-0.13245617849715335
9.685,-0.814473375696472,0.6495284673243573,-0.11293974360059818
9.69,-0.7831590450402699,0.41751617301667027,-0.13740123696751483
9.695,-0.8707733781009563,0.31973342300410135,-0.16875266729970118
9.700000000000001,-1.0221963406527668,-0.1503053698021693,-0.122855242636914
9.705,-0.7721541720461632,-0.18893050218116275,-0.15530998610324045
9.71,-1.0925018394091663,0.06587268195976605,-0.16547742688756684
9.715,-1.3343740825593429,-0.4273753664086601,-0.15396331403577848
9.72,-0.9940920850989687,0.1608061960206979,-0.11630701370951152
9.725,-1.3517200855264504,-0.22469381064635668,-0.11577656574077762
9.73,-1.1939718410298845,0.20145790539146236,-0.15232567242851697
9.735,-1.3076370421315349,0.0007634941150672762,-0.09940470226501294
9.74,-1.3920968627821917,0.3004165801694682,-0.051319186972038154
9.745000000000001,-0.8804279489523844,0.6093760370043958,-0.07886419297322236
9.75,-1.4001946459869816,-0.1803369355584362,-0.06398271366556885
9.755,-1.4608276889335738,0.20382736693482076,-0.03037866035070595
9.76,-1.9817847466639587,-0.19271885315199697,-0.0340791675281479
9.765,-1.8123047379866255,0.07732553904164985,-0.02980894175057896
9.77,-1.6707404064701639,-0.05167348571108202,-0.12238403354014914
9.775,-1.9481531684866251,-0.03571017439884808,-0.02245303490741505
9.78,-1.5144720660786428,-0.20713846112789777,-0.05470642461326974
9.785,-1.9099044037329598,0.007996989540991596,-0.01842415173561749
9.790000000000001,-1.6280926173790415,-0.3366261384640067,-0.0998209748997452
9.795,-1.5801620024773466,-0.004163283897107617,-0.1264265846168543
9.8,-1.289968387820427,-0.3070613289540978,-0.0863499427207004
9.805,-1.3225371574471974,-0.5442932928068677,-0.09207243736440159
9.81,-1.1046929596349029,-0.24411852408651016,-0.06743151149595385
9.815,-0.9676339303925068,-0.6182638032308366,-0.05333521577321407
9.82,-0.9614432745700754,-0.48499261019404283,-0.0758459921058451
9.825000000000001,-0.611487795939216,-0.716918509908821,-0.07521531930287984
9.83,-0.6006888642417116,-1.1116199282214754,-0.05452700804917442
9.835,-0.6338559917884868,-1.0834635613224572,-0.0721365017732712
9.84,-0.6950515473609411,-1.0815194802330717,-0.0760882224730073
9.845,-0.4420538274428688,-0.8642054674015079,-0.04855257605684043
9.85,-0.686207480595935,-0.9576509164956477,-0.05049731012235947
9.855,-0.7333897642375271,-0.9049014760990282,-0.06357362577906754
9.86,-0.679279768745549,-0.8534855201086834,-0.1027483687685406
9.865,-0.3690210882596332,-0.7285882978273982,-0.15859628143176863
9.870000000000001,-1.038284032831563,-0.4477570094796734,-0.12036895420929071
9.875,-0.5979952090059224,-0.5644522239999831,-0.14088512575106246
9.88,-1.1654158467977376,-0.5807776553022238,-0.1295369275096919
9.885,-0.7046210190334227,-0.589553567527073,-0.14238556940404032
9.89,-0.39868545699824876,-0.5911053716021317,-0.12417897976349664
9.895,-0.6133402533385495,-0.7228006885934083,-0.14235150513134198
9.9,-0.6679240620665641,-0.6429030311016499,-0.14035407865976912
9.905,-0.8192884954561744,-0.3306757833400022,-0.07304116276730806
9.91,-0.7005175055025595,-0.5652353134732593,-0.11570176298840916
9.915000000000001,-0.7823961839272051,-0.42184538793131693,-0.08521333056341356
9.92,-0.9314192067322895,-0.8514430129248827,-0.05674053825152233
9.925,-0.8715514725053495,-0.40650771296048144,-0.05361748865578594
9.93,-0.8195396447868022,-0.5053058418702363,-0.054453495727227304
9.935,-1.0775365979717835,-0.5635870582095908,-0.06578905978317232
9.94,-1.1298923008936637,-0.5023515427779329,-0.05685770457889957
9.945,-1.2764735330478878,-0.6454681906253523,-0.04282502844502103
9.950000000000001,-0.9082053917999009,-0.9298858639150186,-0.0654554522209525
9.955,-0.8520906480708256,-0.5505886654156651,-0.11717864607216862
9.96,-0.8637564672767596,-0.6776673311241392,-0.0828123965155081
9.965,-0.6187818936155357,-0.7561582297286522,-0.047489637345659926
9.97,-0.6863860026230286,-0.8077406023851732,-0.06883538825936007
9.975,-0.4751548850143019,-0.794735962408117,-0.0038121393556483996
9.98,-0.32792242612670114,-0.4316671601285005,-0.028757560327941092
9.985,-0.23510797168407868,-0.08066744922781062,-0.009621801120285345
9.99,-0.1499404114075434,-0.10772308783185329,0.030493529227758987
9.995000000000001,0.6072716508527848,-0.15946100614202247,0.014661218580303791
10.0,0.19346845672452398,0.2231751803027731,0.03594461048382951
10.005,0.28042448111492,0.3116777827361162,0.06312994686917094
10.01,0.6208542657393306,0.5332686774412663,0.014874121205979848
10.015,0.6590175081144046,0.5528417432727327,0.04703524608032584
10.02,0.35484509325696184,0.07069484834469575,0.07497919554683838
10.025,0.9195609363436724,0.570016984626012,0.0571357353608347
10.03,0.6660874604218687,0.34192857488315864,0.08912838318359216
10.035,0.44275223598809027,0.27224047460179807,0.017112535000476124
10.040000000000001,0.9214165282591831,0.4420969339660956,0.01471639894339402
10.045,0.7892781852350107,0.532830608933416,0.07431152888491173
10.05,0.3790448305296871,0.25889312674106074,0.08063732695064917
10.055,1.0298186272672332,0.6085722247846196,0.06201266665184536
10.06,0.8019114023367317,0.6326302060743247,0.08384729940517067
10.065,0.6781051672698353,0.5369448279646652,0.10092041837992796
10.07,1.0439021316466466,0.39802176904445696,0.07355574236366495
10.075000000000001,0.7635181614413319,0.35620009294329713,0.08435993854708014
10.08,0.7444041881745538,0.6007485736253484,0.11183484230451295
10.085,0.6212564477191722,0.2014904187771764,0.1324329600818959
10.09,0.8850630654721868,0.5305746231754398,0.08471333368719526
10.095,0.8456434555090705,0.3429496424567216,0.1049300834601715
10.1,0.7140092734360736,0.36791827720486986,0.09843437660684075
10.105,0.49495237551391646,0.19090695803192892,0.10620385564733313
10.11,0.6337914021455744,0.4958369058216012,0.08704244126520062
10.115,0.529376173219125,0.7158015223318033,0.06492350380736829
10.120000000000001,0.20086716205793936,0.5695360325970954,0.09812204457758147
10.125,0.12339732220246215,0.9568303584894708,0.049064416860160436
10.13,0.5286107349535815,1.0113692698567756,0.050012727315669345
10.135,-0.15223571085158588,0.9895803590791777,0.01742738957327946
10.14,0.47132572502474407,1.2416486459602356,0.038495933369234854
10.145,0.3809375529796864,0.8073909823438752,0.07005720304293965
10.15,0.8480796661247473,1.1218060298270756,0.06977879311939492
10.155,0.5760993020346057,1.2234268138359305,0.081244672776638
10.16,0.955437895071485,1.0996420867936505,0.0847019250918702
10.165000000000001,0.8758081324281214,0.8457626983181457,0.12405974652858066
10.17,1.1340971877891688,0.6468847285389754,0.05909742600935363
10.175,1.4103650548186297,0.5110146106733278,0.03786163543146425
10.18,1.2828119221719922,0.4851120672720029,0.04809344659190756
10.185,1.700598177712424,0.5459887340137743,0.05123385335502507
10.19,1.354849562497366,0.3060106361183164,0.038720430862948914
10.195,1.679052319405282,0.47851861277953145,0.0573061154365014
10.200000000000001,1.8325848235193185,0.6189775209855618,0.07880086934580162
10.205,1.768900909643321,0.24634700863048986,0.08163869814315512
10.21,2.0070510375982145,-0.007830616483870477,0.056078709516075624
10.215,1.3887240469309432,-0.08728708239504342,0.09619798927707761
10.22,1.2014514054457077,0.13429952240185866,0.042703773174505924
10.225,1.2247052327780836,-0.04882086615681508,0.020800721194072322
10.23,1.5215028469630814,0.040002517063843425,0.09406595319831641
10.235,1.4367494635777882,-0.17264725764837574,0.03817777025973964
10.24,1.310439892681463,0.037657166826299104,0.07584243795933099
10.245000000000001,1.0149840513438106,-0.05507816224426183,0.11737053816090535
10.25,1.3900758704762597,-0.06974274149220525,0.11289299169415165
10.255,0.9384831723601047,0.049406206154142034,0.11867690990009727
10.26,1.417792780374616,0.00014816873807818912,0.10076090008734237
10.265,1.7428914045315822,0.48766139775198475,0.13087856537134418
10.27,1.1614115457724308,0.1959122719608926,0.15520157831799639
10.275,1.1424907121685504,0.2602108666853088,0.13127676227170354
10.28,0.8311088119208591,0.011716872301886316,0.10993459453481838
10.285,0.4527104523253515,-0.17778430251668145,0.09914949393034472
10.290000000000001,0.6010860955384444,-0.20230514886138687,0.10969385869091179
10.295,0.38033178306044674,-0.16211439599515395,0.14009466455553446
10.3,0.1888075201788839,-0.5321209656461824,0.143512893546631
10.305,0.7573569063558001,-0.7041928307287572,0.12356239880571059
10.31,0.3558195392655588,-0.6562531820645028,0.09926662121985297
10.315,0.30925068350338925,-0.6764276519410611,0.17078443424742673
10.32,0.12095145907670327,-0.5589565043105792,0.15002473863537624
10.325000000000001,0.13979695656196797,-0.7665125166971914,0.1964438764545252
10.33,0.4037363759553111,-0.7421874259800205,0.16998039434540438
10.335,0.24095131241351359,-0.7466709366758546,0.16923683751481564
10.34,0.434806584612267,-1.0290921911925983,0.19741078325584896
10.345,0.3697134619922167,-1.0251197167072472,0.24708657292217995
10.35,0.43609179281014393,-1.0655306324078995,0.20426412353047874
10.355,0.3045584329815918,-1.11760741305756,0.18216754822647743
10.36,0.26755608819632276,-0.8199369418462231,0.1779026069963661
10.365,0.6999577887394203,-0.8706840938875281,0.11828852184131378
10.370000000000001,0.8092418925379725,-0.8524513583487688,0.1231503831184274
10.375,0.535886033241978,-1.1537703536230222,0.08200536412422128
10.38,0.7873143552924711,-0.4014314341920071,0.17462829205038902
10.385,0.7632646979836843,-0.7085213314741834,0.16542235212100445
10.39,0.2256505781538512,-0.1870210123231321,0.1365815332048774
10.395,0.4072728143190699,-0.5912888734224453,0.13006314036102284
10.4,0.5956577426259478,-0.44229782541970764,0.09114487171671277
10.405,0.49357523448653895,-0.6174363544411099,0.1231041970124492
10.41,0.06905404979573869,-0.2758254686272253,0.1701783341450053
10.415000000000001,0.26017987366561013,-0.5383511315270931,0.12955296060660504
10.42,0.36503854686130716,-0.616668988579328,0.10919147830555394
10.425,0.24309158312585905,-0.7527389593997972,0.07450179229288854
10.43,-0.004144935639761054,-0.5391775832197285,0.13862821847669698
10.435,-0.13916627587441202,-0.6188944742422983,0.09304037049280223
10.44,-0.22728960109126634,-0.5044547996267404,0.04042581839112139
10.445,-0.04844188053605603,-0.8621807697522957,0.04629623032836244
10.450000000000001,-0.16547504266316412,-0.7061069024120498,0.024951735037053384
10.455,-0.13396591182614825,-0.8615542903926414,0.04031386889555057
10.46,-0.2988918839553047,-0.6500463607143488,0.03923214874332711
10.465,-0.20033878511505085,-0.5874369526159025,0.016578939753487565
10.47,-0.3828157758651387,-0.35362955109507205,0.04376355431880722
10.475,-0.23622955466866666,-0.1730757486110695,0.02761725570598052
10.48,-0.19117713975343353,-0.06182590033911177,0.05331570100210086
10.485,-0.5042403865256219,-0.1901471129135715,0.024347279034640224
10.49,-0.6744255425026402,0.20905068858474288,0.10894506109239448
10.495000000000001,0.06264280548049435,0.1955009397411776,0.02890368558813069
10.5,-0.22984305334668867,0.2652144615330096,0.02419301927767871
10.505,-0.7127538914956232,0.288877340165444,0.022611424306285193
10.51,-0.5955889205843149,0.3648498328968811,0.0407736780512445
10.515,-0.3875585752889292,0.7391230152685412,0.0023385670077228082
10.52,-0.708760729028458,0.593891206794324,0.044682708008713136
10.525,-0.8230877415851122,0.6382487599579901,-0.01267435543183156
10.53,-0.4387223940378304,0.6330217966533213,0.029831623244880957
10.535,-0.947468463475378,1.048299164373793,-0.010612140741558867
10.540000000000001,-0.8543263984030046,0.8869427801400614,0.008889426224977855
10.545,-0.5880863306293705,0.5638940529770026,0.031222333115432516
10.55,-0.5029886641152578,0.5582749926626781,0.0730788320879551
10.555,-0.4485296916084838,0.4789970013151947,-0.001308739446674325
10.56,-0.3496220183773234,0.43887191936020176,0.02761572179116504
10.565,-0.5148595531421326,0.24139103310089308,0.023004897262801794
10.57,-0.48759412452890155,0.350126700108969,0.029049957371482457
10.575000000000001,-0.6993936473433405,0.47552141026676914,0.041707936130528526
10.58,-0.6938119460238056,0.10497887017320293,0.08530267119986902
10.585,-0.7518327639914982,0.18299169770927562,0.05976429074660827
10.59,-0.794646285573184,0.34929864464113586,0.12614749730406338
10.595,-0.7345031742591709,0.44282694806136513,0.08233585146720324
10.6,-0.8294593935525699,0.8724399189833195,0.04510751563651393
10.605,-0.975508264898635,0.8077334626783728,0.05392783634570128
10.61,-1.1839452309090686,0.8588627157394847,0.035884778969241894
10.615,-1.015148467731712,0.7300498947084678,0.06492629615325375
10.620000000000001,-1.0501768704509808,0.754182750657634,-0.00031219332456536194
10.625,-1.0187471624402467,0.609257935221007,-0.00021632124341197529
10.63,-0.6108756229325003,0.9428286120694571,0.012312897617522979
10.635,-1.2257295278919988,0.9260844344168558,0.039283026873824026
10.64,-1.0686763555756706,1.070445633402672,0.05133793867525989
10.645,-0.9890604761907079,0.8980868837217361,0.05556071220925016
10.65,-1.2662939290687731,0.9464105598771777,0.037250827854428875
10.655,-0.8661792888111629,1.0192512344457805,0.02442548342134688
10.66,-1.5259263503258442,1.129135902548345,0.0454202540832806
10.665000000000001,-1.4509556017290548,0.7737094236777272,-0.001545091794309503
10.67,-1.7525548116396128,1.0251723523229206,-0.02215873306129036
10.675,-1.6984088580770633,0.8211109024924526,0.02403534486247114
10.68,-1.584454000700102,0.5446286956326097,-0.019989476764966225
10.685,-1.4393818906967744,0.24802567555640093,-0.010801302022678573
10.69,-1.5003539910592996,0.36370056554561436,-0.02116161175692885
10.695,-1.214701760738789,0.43765260670694484,-0.03371854550127292
10.700000000000001,-1.3886391474098012,0.34501188389320575,-0.032917389758869285
10.705,-1.2999920245385976,0.07025336572152463,-0.0494794562951462
10.71,-0.4963542463843995,0.24892647571446352,-0.07634243094017568
10.715,-0.8266360960926012,-0.0417969394536168,-0.10047069047238041
10.72,-0.9039469229601459,0.12256505651869035,-0.0938432769981977
10.725,-0.7493863043225499,-0.03130954450001387,-0.11378625305568149
10.73,-0.6719644612685289,0.0100669115349171,-0.10559954025498565
10.735,-0.16452468978073223,0.030512849926174635,-0.03936904602179228
10.74,-0.36289027371784677,-0.13783236482688405,-0.09558945995012681
10.745000000000001,-0.20577063776032742,0.33861721946303336,-0.08891164055863074
10.75,-0.21914087175667016,0.04961593247832637,-0.11686274287068187
10.755,-0.04236471761989822,-0.00713652017089244,-0.07920170327856459
10.76,-0.38646875198757447,-0.10418049682736108,-0.09017496507621023
10.765,-0.45019623895618327,-0.01162680931919752,-0.09691033680660686
10.77,-0.18877307243460067,0.22601907782738415,-0.1182828235963653
10.775,-0.11999330044500775,0.24109897376744596,-0.10827750310889281
10.78,-0.18050868727574687,-0.3127293013195253,-0.11168413301030759
10.785,-0.4171021187059471,-0.15197038460000656,-0.14257275157773597
10.790000000000001,-0.08233588550658147,-0.2782762358675058,-0.15745627166724943
10.795,-0.360309205338701,-0.03986376697671778,-0.13651549740060157
10.8,-0.2832119118873102,-0.20898786412125528,-0.17809029572551724
10.805,-0.34431445530475624,-0.436314793237431,-0.16992379212328224
10.81,0.15831261759663617,-0.45868316549219457,-0.14768624569823402
10.815,0.028995070555559187,-0.6760606363270244,-0.17841582458279576
10.82,0.022654778704874545,-0.526343498804093,-0.10826073074902405
10.825000000000001,0.14453758973575473,-0.8119691628168655,-0.1401166678716973
10.83,0.4493120016332431,-0.9047217604536271,-0.11946872326851783
10.835,-0.5563762043725261,-1.4473650197025687,-0.10609915753792507
10.84,-0.3956464572113333,-1.1079920964098573,-0.09526223690456043
10.845,-0.4153271424591291,-0.7857139017749973,-0.10193441501489742
10.85,-0.5027852749659958,-0.8324084585082647,-0.09562914370515943
10.855,-0.5724182023495417,-1.1900805469635938,-0.09756274119738652
10.86,-0.4044831510464604,-0.8694889290068796,-0.10991339650071029
10.865,-0.5698232067906703,-0.8908069806187344,-0.12104960676906286
10.870000000000001,-0.1766189379322681,-0.390462844350557,-0.08036898635904764
10.875,-0.1430262628801917,-0.5305454490781718,-0.1561857264604636
10.88,0.0723693508023769,-0.6333205061519431,-0.11076602747141129
10.885,0.22645516319495673,-0.5051766470443064,-0.11360067288581677
10.89,0.41254030304455386,-0.8805434445993922,-0.08723563668667653
10.895,0.3784326357632564,-0.6781031635005037,-0.12379472775145721
10.9,1.0842816475653239,-0.5320073632836175,-0.09318540531434528
10.905,0.8447905013009557,-0.422674806312759,-0.07567588223249182
10.91,0.5421564838641426,-0.8097290973380638,-0.04110921927469679
10.915000000000001,0.8461861204200678,-0.5748471196738654,-0.053335545543311054
10.92,0.7807349999647695,-0.3597757846570258,-0.08655730523307494
10.925,1.2185577672776164,-0.6911769165856291,-0.0711573013351588
10.93,1.2234669085853629,-0.4502630714983716,-0.04309056149626995
10.935,1.1598787391381025,-0.486433485661555,-0.09891027638942905
10.94,1.6808116212502389,-0.2862285617463404,-0.08170010497228086
10.945,1.3483088851384728,-0.6080215039802395,-0.0903302126686762
10.950000000000001,1.360162972498199,-0.6547288643371747,-0.10953700149496359
10.955,0.9809928384551259,-0.5600723817740874,-0.046841060903108245
10.96,0.9461563250498888,-0.8988565862207504,-0.12736903183904213
10.965,1.1548764458279839,-0.7430422945167332,-0.11255010491634285
10.97,1.1800862280745639,-0.7357954152502653,-0.1438638018742794
10.975,0.7501492377081456,-0.607150118393531,-0.1139972452572947
10.98,1.1149483924743642,-0.3436470875796562,-0.10453513644506679
10.985,1.1628360695760398,-0.22996417401844815,-0.13619175309312326
10.99,1.1146122538170287,-0.24187834097458336,-0.12104520951377888
10.995000000000001,0.9771367463827432,0.05469449070023416,-0.13888270744791312
11.0,1.011543891266638,0.40151231027392387,-0.14449251305107472
11.005,1.0485173465526236,0.20202188067690952,-0.09537072952680833
11.01,1.048792555901076,0.43194890196566094,-0.13701745398663234
11.015,1.08749582565094,0.44010328714571906,-0.1872249965461321
11.02,1.10840911951823,0.48264192452105226,-0.09773777995408385
11.025,0.7307456133730102,0.2633418103982148,-0.1671925292006129
11.03,0.616122993701798,0.6821961542112491,-0.16340708535854107
11.035,0.7387377404153546,0.3634829127581103,-0.12727966190501352
11.040000000000001,0.726864294701363,0.6132771103758904,-0.17498175251366252
11.045,0.4803927321307064,0.38732969381003607,-0.17855290807337107
11.05,0.7478789797026901,0.40198143464639935,-0.20324888722703494
11.055,0.8253772305311541,0.6802477159199253,-0.2091728972166578
11.06,0.958835131594147,0.6651237331225247,-0.1681633246018056
11.065,1.1552193576268996,0.5597336609465517,-0.1468200660748247
11.07,0.7024213939841846,0.6275840858916288,-0.1378038062126186
11.075000000000001,1.0129855878713367,0.4535662231819777,-0.145502270830451
11.08,1.1367605171994328,0.45497253421498307,-0.12366160003840757
11.085,1.2300645878754612,0.3212343066397948,-0.15855060386924572
11.09,1.2128223882005036,0.5079667863673931,-0.09815628353143727
11.095,1.1115665912365966,0.26850220179200207,-0.10080475755342053
11.1,1.497863681739587,0.5907459261479825,-0.056064204598829555
11.105,1.3336082236451552,0.3871336366788402,-0.10135376154663617
11.11,1.506237182466544,0.5194059207738791,-0.12358028188749433
11.115,1.2824838601391584,0.7362581639259925,-0.10245161244085334
11.120000000000001,1.1602173200035304,0.761255530408201,-0.10754311580718073
11.125,1.3731214716580395,0.8445640111796993,-0.08630378449070651
11.13,1.2754884347425792,0.9945921673240855,-0.08993161620185905
11.135,1.2854905672504426,1.2062887564769273,-0.11138379947223419
11.14,1.5506714073032468,1.027765942026585,-0.10889589258726479
11.145,1.072797011266629,1.0999888833664715,-0.05106569667757716
11.15,1.0554142131020006,1.0743940608296632,-0.01023438102891661
11.155,0.6682467513083297,1.1170369235747726,-0.025972503244578986
11.16,0.5754840754161912,0.8826215674204553,0.005138904914951459
11.165000000000001,1.141455764619281,1.0456875250909683,0.021856373004193276
11.17,0.556565793090991,0.6673413269729721,0.013774966250192306
11.175,0.47269227705573524,0.5671261959070725,-0.0052639890783404905
11.18,0.6166177870388636,0.503701394975675,0.0214994800740376
11.185,0.520037493736292,0.2837738034201977,0.04544794238406758
11.19,0.24510670316490318,0.2736668899541349,0.02762863393981509
11.195,0.25673988014458027,0.29697282772578404,0.02947192397886278
11.200000000000001,0.4577287384650463,0.4784119705979541,-0.002462784269681077
11.205,-0.10810478634215069,0.25040009590040424,0.0007329188984091791
11.21,-0.36261320169764405,0.11334415728390158,0.0012814214432817325
11.215,0.017199523581778092,0.27511360191304773,0.0034683683123345535
11.22,-0.17982648198463771,0.24347465018344625,0.03482963448369701
11.225,-0.49357849647122004,0.13653569291760287,-0.042710722080364937
11.23,-0.7454314318956149,-0.20381559664172091,0.01921501789933529
11.235,-0.5810675914090241,-0.16723711913621017,0.023496324245143467
11.24,-0.41623933389390483,0.17621878648865313,-0.000245176635777534
11.245000000000001,-0.10922923120474112,0.0012194587000650143,0.05282606712029828
11.25,-0.5094148065383096,-0.004222155348493138,0.02319237488821212
11.255,-0.2205937883606769,0.20716887534522507,0.03215172337792758
11.26,0.033921597555359846,0.3108336431807399,0.08122237976448037
11.265,-0.5287309999900521,0.12673642486124553,0.05618943656996973
11.27,0.27842064154432344,0.2404247517268557,0.038340620499617055
11.275,-0.13550782492710917,0.29996292657350987,0.024725514212204567
11.28,0.22228533433728118,-0.07614876628899526,0.002471835057098756
11.285,0.21102090343393504,-0.02778374211117277,0.0443712164051502
11.290000000000001,0.3689204703180872,-0.3264056663861016,0.009234377524490611
11.295,0.208429612435108,-0.4559459981929038,-0.031727548318413276
11.3,-0.484370085987126,-0.5380924269039813,-0.048639547922150514
11.305,-0.22743412152748746,-0.5142524406670872,-0.0012161248752232201
11.31,-0.12187994147876498,-0.7235510273861104,-0.011721243189344753
11.315,-0.2862639960982307,-0.8381499794818037,-0.03770976961937922
11.32,-0.23198601249758968,-0.7832362426237541,0.013185651340468233
11.325000000000001,-0.2464904142201101,-0.9780256932089729,0.004458875160204193
11.33,-0.35563189909709264,-0.7725166095858991,0.030068912385727495
11.335,-0.5911078182804984,-0.6885872086508926,0.033340398642125964
11.34,-0.9905803969368574,-0.8777473195057492,0.012067172059245923
11.345,-0.7396264844331595,-0.9179076969428873,0.04227024465100196
11.35,-0.5989104984087401,-0.8601310256033167,0.014955205228829212
11.355,-0.9703511043706204,-1.215748503053603,0.01425538299902048
11.36,-0.6616119829199768,-0.8563904622307279,0.00914726100362612
11.365,-0.6734964084363406,-0.47437898998068007,0.04574854060664857
11.370000000000001,-0.925148410562672,-0.880945878051725,0.011741075871299746
11.375,-1.7041768264423751,-0.8051379904444979,0.05177385698359492
11.38,-1.4312199795965574,-0.5863286948530486,0.06556601865031864
11.385,-0.8691685654480069,-0.35058495232004416,0.013744228051304909
11.39,-1.5002498765681045,-0.3387934408159895,-0.02717321726463573
11.395,-1.9096762210013272,-0.6908452633000753,0.07832658760874725
11.4,-1.3079510490920272,-0.24839013795629153,0.060060499430412896
11.405,-1.6299312060026103,0.055529526441226565,0.06255371606765647
11.41,-1.4281735979374373,-0.23913606069432336,0.08329655057458919
11.415000000000001,-1.6027835696480779,-0.5458696833794837,0.10007782611611594
11.42,-1.5277563226506297,-0.4257168815964637,0.15055734019830097
11.425,-1.479795236771376,-0.739796713734235,0.13149768266556847
11.43,-1.3127011214914246,-0.47498593629408525,0.16249702715637573
11.435,-0.8594416290765327,-0.8538939195662449,0.14607376727989066
11.44,-1.0105810734610432,-0.749386950285163,0.127325659085299
11.445,-1.4251443525617868,-0.8864620875814084,0.12435842420282749
11.450000000000001,-0.8693939409310489,-0.8141115964269109,0.14541950740674914
11.455,-0.6131220529230048,-0.4710072584810397,0.1510124473911125
11.46,-0.513595138457323,-0.5906008926476041,0.15620790647860117
11.465,-0.8004218695236932,-0.6006240433689213,0.12981596547330684
11.47,-0.42661877030443274,-0.6009480369891534,0.1452706927209131
11.475,-0.46872413223052334,-0.6279987285202414,0.16196383343470086
11.48,-0.1310392563409845,-0.47355276112010175,0.1477018784654156
11.485,-0.8701026077029328,-0.21979881748107633,0.1389539696426812
11.49,-0.8581811459376668,-0.035051443051818856,0.15491570705312394
11.495000000000001,-0.8583513649206669,-0.1817056518067245,0.17482633491297375
11.5,-0.9379336387126073,0.20345478726028704,0.20018581175701416
11.505,-1.0559017948664942,-0.0168326736339159,0.21528455582237307
11.51,-1.477631981950749,0.16869020129401122,0.151808284977767
11.515,-0.9912739173971578,0.17718187014716277,0.1641322093684993
11.52,-0.8199986576537921,0.5945174435997176,0.16157520670037934
11.525,-0.9973687813975144,0.8614843125699619,0.17849720976080732
11.53,-0.4695475371395992,0.40122210271058384,0.13654348262843233
11.535,-0.8726950802586123,0.6472708320468519,0.12805996741716352
11.540000000000001,-0.600062344564184,0.8789156412321975,0.09544453559885704
11.545,-0.8310145696270336,0.4609519032725918,0.1321948624972304
11.55,-0.7350164735841866,0.6765616685140476,0.11187935164733738
11.555,-0.8900705561818425,0.6813204703915576,0.0976548280155606
11.56,-0.7074005393683737,0.42933325708151654,0.10645305839741447
11.565,-1.044909561915635,0.4177774035053093,0.14011367999236318
11.57,-1.00952991570612,0.5364637335804773,0.09214130038712201
11.575000000000001,-1.0897527325466498,0.5454762168025513,0.09774332517986827
11.58,-1.2681115019283309,0.2813901721786411,0.14745907668533983
11.585,-1.1374284058305963,0.26696041955727734,0.11871367338981775
11.59,-0.7366925211290622,0.28773224112765206,0.12910955960108644
11.595,-1.2293137960299214,0.6420847448719909,0.11687978738456517
11.6,-1.0065587033735324,0.3974321241202966,0.09852541670366372
11.605,-0.7197304994841318,0.6309525594566617,0.08153386788010794
11.61,-0.6084136727031813,0.7402415295526888,0.09884981961371793
11.615,-0.6907163674575633,0.6964159988785046,0.09665297780192386
11.620000000000001,-1.029389920649649,0.83397463276025,0.0862912268429635
11.625,-0.23311290761968814,1.1753109144482106,0.02691302802872882
11.63,-0.6446702027770227,0.815510439550106,0.08198081353679883
11.635,0.3018037139700371,0.7955074888917549,0.043012492725687614
11.64,0.16250289090137043,1.0322975529119323,0.03683319010125478
11.645,0.4523240297275424,0.9615689398314852,0.05633755383630801
11.65,0.13094543030037117,1.1692556958647884,0.08743180809243249
11.655,0.04891529068770979,1.0184960813011004,0.08916876416065234
11.66,0.46778011269900555,0.968417072268948,0.07889929331013777
11.665000000000001,0.41661061173725644,0.7295228726274741,0.11171952458195096
11.67,0.3165112114211818,0.6931430219165479,0.1006717113149213
11.675,0.4298182480180691,0.5652729595912704,0.0868954065374313
11.68,0.9918230987821332,0.7472996403602498,0.0841918528614343
11.685,0.5729738466029455,0.3498358476495236,0.10867747859742156
11.69,0.6205905009014937,0.5598987092209359,0.09388300778639067
11.695,0.5880363483340334,0.2378723799240862,0.05965382984393624
11.700000000000001,0.7440497180542855,0.07456272502376811,0.10803930834852452
11.705,0.41457013803281656,-0.09876841507274192,0.07446461961544741
11.71,0.045918644710506065,0.060100173273149336,0.12246288405174163
11.715,0.47118737944762806,-0.1491320943230335,0.0541675650030521
11.72,0.7041755250759104,-0.1506761545798231,0.08715345826763998
11.725,0.3315489574783845,0.19977587784006856,0.081563567845826
11.73,0.49373810781732475,0.13257631738720904,0.08326657283376149
11.735,0.3606888358058867,0.09289081487516115,0.10354582250952651
11.74,0.7912324889991255,0.24298693395244184,0.16488204591992037
11.745000000000001,0.5816411083877668,0.1584710314270949,0.1338033494649931
11.75,0.5060227287501919,0.19403129611618994,0.11658534779829337
11.755,0.4461220594125185,-0.009308309196410158,0.09397043332721236
11.76,0.2609401082318992,0.35393244703601745,0.09483217385307867
11.765,0.28315680474607746,-0.06451669301565761,0.11769014134204599
11.77,-0.016487537904012188,0.1967770453397154,0.10772782057274641
11.775,-0.20627080140152518,-0.08062143475247886,0.1076139548526566
11.78,0.34750750260870233,0.0351099134220836,0.04887848793565063
11.785,0.47073929906500445,0.001468903511175644,0.08917027970824198
11.790000000000001,0.7740044975191996,0.029147296677558405,0.10554976790668304
11.795,0.9883093876799198,-0.2976408318763414,0.11133946210008637
11.8,1.1401777285894272,-0.09777890814037508,0.022934575276707933
11.805,0.750351936214008,-0.08635508322429798,0.044711774747991526
11.81,1.043188659401668,-0.5053723905058599,0.04153909770671911
11.815,1.3635143739313673,-0.6038808759530594,0.0642831123912407
11.82,1.9238385944553882,-0.827633698142648,0.03201648204243888
11.825000000000001,1.7957525808490353,-0.9378859440958488,0.09913390801613231
11.83,1.7858640636911414,-0.757916899856547,0.05839607345237758
11.835,1.5013081440505296,-1.2130235405091425,0.049890368185859714
11.84,1.4047296534823146,-1.2313626766299897,0.08277300646374892
11.845,1.7470096689154648,-0.8522821126403181,0.03498528211389083
11.85,1.3110505000100843,-0.9312904767156878,0.032122791046852894
11.855,1.4510966725689267,-0.6308997330256955,-0.009317075862118832
11.86,1.4287685402133297,-0.8887997563589792,-0.039258456671883046
11.865,1.7456585913848421,-0.7036644126015175,-0.036762144611828584
11.870000000000001,1.2877923555137307,-0.7247455062026265,0.014644573922563247
11.875,0.8085819644675242,-0.5447773422633437,-0.03373085343237695
11.88,1.4108146699008872,-0.7751503702389843,-0.051285879380618155
11.885,1.1342225181876044,-0.41345222008923194,-0.08658849386745117
11.89,1.275714899802386,-0.46746572025018096,-0.04527629206785385
11.895,1.2295793218973712,-0.5332986523894869,-0.09864704631395524
11.9,1.1644045041222786,-0.5921624456184797,-0.10184107599881279
11.905,1.354906777063962,-0.6679740013325344,-0.07552183432017473
11.91,0.8075545418758912,-0.43355170157058076,-0.013958572482543726
11.915000000000001,0.9563403401677191,-0.6861819118524294,-0.013532552688393892
11.92,1.1284957873535038,-0.42993516418807504,-0.0684661150106238
11.925,0.7537561107389522,-0.1942296624847892,-0.07567133143896831
11.93,0.4351876868213959,-0.27319247714570927,-0.10239669819320575
11.935,0.8130296169912316,-0.7078674461688141,-0.06802278373222775
11.94,0.8074123949641502,-0.6035051721602533,-0.07305344397049846
11.945,0.46895671731168675,-0.516185687847101,-0.06558840262465898
11.950000000000001,-0.00832694060967417,-0.6404488306956831,-0.06923240191988121
11.955,0.5191574099721268,-0.8778066429072224,-0.099971526238769
11.96,0.0026888804429361264,-0.657611544065838,-0.08464429414095882
11.965,0.44274432776830763,-0.7133224232225002,-0.11346335575425588
11.97,0.23678333589659256,-0.4017563127142083,-0.08081672660233817
11.975,0.2530740634450901,-0.6232621432676861,-0.09885956831072898
11.98,0.49898074108411017,-0.2986025294890811,-0.06767865378402521
11.985,0.6565996868787707,-0.48665435797450174,-0.05982619349666497
11.99,0.6610661020496417,-0.28124718143346905,-0.05718683392618049
11.995000000000001,1.0182574218072307,0.13714017733596617,-0.031228103952058845
12.0,0.8743129390550214,0.344189765277796,-0.07954047346047875
12.005,1.232052261324279,0.1842594083085557,-0.0631904915689128
12.01,1.1083390633219474,0.41488235120509426,-0.04297813680592045
12.015,0.8955673340622278,0.2726054800183422,-0.07173740045829353
12.02,0.827533893058534,0.4659805198220059,-0.05120284421385118
12.025,0.6039003593381417,0.6111269621904052,-0.05592674210969382
12.030000000000001,0.9414522135666378,0.42205691861555034,-0.022770237081732394
12.035,0.7146906740504019,0.437522048342027,-0.05622945730331939
12.040000000000001,0.18896162546577003,0.30942534628030444,-0.04049504181223048
12.045,0.4861137100884314,0.3835268303578804,-0.060797586834654936
12.05,0.3185468184080174,0.7379324332539187,-0.08149712595618729
12.055,0.7660922691029539,0.5195461403987409,-0.06471692461727427
12.06,-0.005194228055814072,0.3837768460114246,-0.04782864504682323
12.065,-0.01228447132659487,0.4859594037242575,-0.032871127282678395
12.07,0.47514781522599797,0.29516190236794915,-0.059585500169971675
12.075000000000001,0.4721989047538686,0.3512979002589292,-0.09149906467684503
12.08,-0.03543121488242618,0.6478805739249304,-0.09129482457241772
12.085,-0.07853924511619895,0.39440309481516406,-0.059363156499425404
12.09,0.10858281044579894,0.6470291304256371,-0.1101324231595833
12.095,-0.6135136547458974,0.35279461126592476,-0.02009890766320248
12.1,-0.6227677388366842,0.3763544601242062,-0.057781616075773014
12.105,-0.40705409343606236,0.5219766210532994,-0.09848894392533612
12.11,-0.1467225747274369,0.13983618151793692,-0.12274097648822095
12.115,-0.7036939056742799,0.6582062044305099,-0.08607174907413945
12.120000000000001,-0.7176370355588703,0.7509877942683617,-0.1488164179979546
12.125,-0.6130929525551169,1.0959966893102338,-0.15739024225215625
12.13,-0.5011017718166719,1.1347873470959404,-0.1598249926069001
12.135,-1.1429946623485472,0.9205279016491958,-0.14473990781378862
12.14,-1.0613023561057824,1.2962587241073433,-0.1356146991206002
12.145,-0.6733638571030907,1.0808098769968586,-0.12258148023337455
12.15,-1.3592233711156023,0.9454689921228007,-0.12472931161393078
12.155000000000001,-0.7579800697333456,1.0229608364490033,-0.14710889487136233
12.16,-1.1146794614069184,0.8681152791890977,-0.1213491964173849
12.165000000000001,-0.780401236905786,1.0076566743035584,-0.16018758475753164
12.17,-0.7530791995617481,0.7374120230860189,-0.18811002250240585
12.175,-0.808242716486915,0.6296116811974917,-0.16430521680802762
12.18,-0.728235772556458,0.6547457595730403,-0.17272450821698637
12.185,-0.3934472851473889,0.6233748385214857,-0.17564602912590346
12.19,-0.19851709731785838,0.5302276968126327,-0.1913619905845897
12.195,-0.42431567078380333,0.5718276539317616,-0.18784929245416104
12.200000000000001,-0.39414781356846634,0.4041148776079692,-0.1697603900865132
12.205,-0.3238883386070362,0.27869803564286977,-0.1494260021426264
12.21,-0.7093399799925775,0.3563018719941037,-0.23260892309226508
12.215,-0.41349670015621387,0.08943256023636127,-0.22171796516256628
12.22,-0.4724570012010019,0.02953482143398477,-0.20607307613269255
12.225,-0.16755349624204646,0.2022419650466098,-0.16244797371052005
12.23,-0.8739871042985905,0.14501727643128404,-0.1755090347116189
12.235,-0.9524558752911678,-0.09858821442107209,-0.17635749118869315
12.24,-0.7401994618958398,-0.14333674903438737,-0.13070592898847977
12.245000000000001,-0.7681173272004567,0.17345506736630129,-0.11365946520277351
12.25,-1.0870223185926915,0.1463100576274998,-0.1264733322843223
12.255,-1.0837926931956487,0.15040222250168495,-0.13721715084471864
12.26,-0.9070287012236146,0.1234978194169319,-0.10627152693633769
12.265,-1.2288220351656491,0.2540274423056526,-0.11497147011254173
12.27,-1.178675050958268,0.20643686664415306,-0.1140583817611775
12.275,-1.1230925713375377,0.07573891053902204,-0.1206146783075931
12.280000000000001,-0.9942835547737658,0.10557161274490477,-0.0875403021628811
12.285,-1.4130152396126467,0.007885602213434978,-0.10337711290028052
12.290000000000001,-1.763454720053081,-0.22225046095050774,-0.08354812673858654
12.295,-1.8693085983235558,-0.18993162855540932,-0.07297229603665224
12.3,-1.8159122097811078,-0.27707778557351936,-0.08752793437366524
12.305,-1.9033706856948152,-0.44479941487727404,-0.1017119563650914
12.31,-1.7133932858169647,-0.7170995244698444,-0.05501736889328836
12.315,-1.9658913269604497,-0.6402339597968801,-0.05670473440611421
12.32,-1.863027905219769,-0.7795144166647268,0.005488872762998956
12.325000000000001,-1.845375091582871,-0.9905389617060895,-0.03681058113753395
12.33,-1.7072828802338762,-0.7381372246054446,-0.018042892437111206
12.335,-1.2326613787570182,-0.8274508099009902,-0.020452851973056182
12.34,-1.249168838392837,-0.5010449141731312,-0.025546958697246644
12.345,-1.243753565324578,-0.683955653296764,-0.02852774517065152
12.35,-1.1924268668952793,-0.8125336079169916,-0.017862785506780842
12.355,-1.0328747975565804,-0.89473389991472,-0.017302074650063424
12.36,-0.7255260145650835,-0.9089751605394004,-0.00883012107594335
12.365,-0.5425243052318527,-1.053026029054331,-0.03557826744616786
12.370000000000001,-0.7553426349889167,-1.1087516130953066,-0.060142565958210936
12.375,-0.474458269758342,-0.9113283230594709,-0.06207406464194054
12.38,-0.8636544553108165,-0.6978593031091065,-0.08848595450577187
12.385,-0.3579806713311461,-0.8792394857536494,-0.019305439123140568
12.39,-0.23507377787619732,-0.5529248122730236,-0.0692913273062898
12.395,-0.4678810444175397,-0.421929232420493,-0.03045590511019563
12.4,-0.03990783671646447,-0.35815916757568955,-0.041953763612771554
12.405000000000001,-0.6378505135823195,-0.4002273576763991,-0.03635638820289898
12.41,-0.4221037884006882,-0.37499756560536335,-0.0419507943450636
12.415000000000001,-0.4871149586037043,-0.14016939691254432,-0.05495203443456631
12.42,-0.5014507625804613,-0.37211451950050184,-0.05871914787279244
12.425,-0.49421508672811704,-0.6382641685074375,0.0023389725530941993
12.43,-0.427575073340156,-0.6583725293747122,-0.04013771767511399
12.435,-0.24432447718491837,-0.7231606667790448,-0.02325086360052473
12.44,-0.10498946850013266,-0.8680879781906183,-0.025371711950324307
12.445,-0.377228874004963,-0.8739676300258802,-0.07606618492470583
12.450000000000001,-0.1890980244711482,-0.5946691949910526,-0.06451389197779803
12.455,-0.5116844652254506,-0.7396331153310645,-0.07969319380733364
12.46,-0.21154024195289878,-0.7594707757107393,-0.11163653072704419
12.465,-0.5650568392310547,-0.5278893330737569,-0.0895714575091226
12.47,-0.2087925173771989,-0.4229050754732143,-0.06888200996549228
12.475,-0.016128653799890647,-0.6422342332208101,-0.08866818647466483
12.48,-0.5612978007977717,-0.30293791692598226,-0.07640636766143058
12.485,-1.0438552856889447,-0.11324392241031014,-0.06299719422113356
12.49,-0.7190177929341169,-0.10961025747719819,0.0010621112177272493
12.495000000000001,-0.3435480656111068,0.21154255131414013,-0.08115028649621796
12.5,-0.4652948442244239,0.15843317702087933,-0.017472463466644855
12.505,-0.47568042394731397,0.28850843321974834,-0.028066122440618402
12.51,-0.22637737511690434,0.5968850645907902,-0.03223887893909485
12.515,-0.22015975753379285,0.4361952105424827,-0.02096720902294329
12.52,0.08108597045900587,0.47786113432224697,0.002252335369228738
12.525,0.18203270613058053,0.7030981338310767,0.0037030670847389667
12.530000000000001,0.4866307827362703,0.5707159315555582,-0.008846533209440326
12.535,0.41648470269919824,0.7112370274553931,0.013380123756689871
12.540000000000001,0.7038342776528668,0.609363449281057,0.020304499064929937
12.545,0.5998807344011674,0.7209796152448806,0.014983371631629494
12.55,0.6691893402445747,0.5048110141549902,-0.008833686597698958
12.555,1.2667904265251184,0.41234709670285824,0.026426249921407293
12.56,1.0244203799246088,0.4765832075014021,0.03979657992637355
12.565,1.1975223396707024,0.320813057693332,0.02388550381755035
12.57,1.0744452215412066,0.016610791676154982,0.02175987332848207
12.575000000000001,0.925132099474473,0.06571275867276491,0.026228817376172515
12.58,1.04125528850387,0.12842617024243602,0.08883782784158083
12.585,1.3270076045596157,0.2175470724267307,0.1054116992969255
12.59,1.1198432489040802,0.4758054247384918,0.07903482540521099
12.595,0.6211539604470839,0.5352473164545919,0.13634169428828832
12.6,0.9332714210989246,0.7409149609406034,0.1175496409686858
12.605,1.361216536967898,0.7726520134185854,0.14528719860877778
12.61,0.9446293558264729,0.8768441519709932,0.12041806016028184
12.615,0.6205219028648253,0.8530585000917579,0.08415799872137818
12.620000000000001,1.4243343680089722,0.8240888422399807,0.11758853659624934
12.625,1.1772348217315818,0.9688084477058672,0.1214613508580652
12.63,1.018885728081523,0.9622324269597852,0.09365933488816743
12.635,0.9435996048299827,0.9098818759709438,0.07552029890613894
12.64,1.2271075716986692,1.0683420078768076,0.11645590727852878
12.645,0.8371065558892049,0.597182048458674,0.09701398493433676
12.65,1.1397376598155682,0.9254547697188268,0.15384672741106525
12.655000000000001,0.9412331945560377,0.9521860669046026,0.12503591608609743
12.66,0.8034120185595316,1.1658914447559758,0.18079523151479612
12.665000000000001,0.7099504830145493,1.2023994098127748,0.09441624037452216
12.67,0.5791050226010793,0.7170404494401684,0.14835215483043016
12.675,0.7946723539457864,1.0228919834567465,0.17659655498275711
12.68,0.36579662280393593,0.5287293479213753,0.11710085768319688
12.685,0.2119944751032171,0.3809888039966769,0.1263821628720224
12.69,0.7279376997933691,0.34991477042548896,0.11088569604008162
12.695,0.8004826964703857,0.188760791918787,0.09355924014807013
12.700000000000001,0.8642430927838971,-0.11066722898222497,0.1046731546702785
12.705,0.9659164093204023,0.11176096561957594,0.05913971293258627
12.71,0.9409168149083124,0.06815410421171428,0.0794656618379709
12.715,1.3120747794711904,0.11281374166297577,0.08936416618536279
12.72,1.2636723891309243,-0.07288719562886962,0.07030593628517477
12.725,1.2847222279216555,0.026708877999928785,0.05266950928097829
12.73,1.415863652014962,0.07830692459829981,0.10314508068869062
12.735,1.980574782150961,0.36391125075053754,0.10040757683650618
12.74,1.2160597903720496,-0.2468812446274724,0.0636183362759267
12.745000000000001,1.7003670036848968,0.022338726500528632,0.06184090397549912
12.75,1.2151966408340964,0.1408296807207985,0.07260090765595596
12.755,1.5075987362023962,-0.04718251054532523,0.10841623800211915
12.76,1.3784716826200498,0.025718672704404366,0.10058855965757871
12.765,0.9562718423933038,-0.0005933378199958286,0.1089882630470957
12.77,1.4111973815831047,-0.11522609554309149,0.07753089346736655
12.775,1.1760666138329563,-0.04491556012584911,0.0573142008557982
12.780000000000001,0.7443984069491753,0.009888688303189178,0.09438097736567423
12.785,1.3152976910375538,-0.13531366755711888,0.05488212017393421
12.790000000000001,1.3942673041354825,-0.1963660885467569,0.06922894630488509
12.795,1.3640701361357235,-0.20252503903447422,0.028303132718383275
12.8,1.0831178629719653,-0.2504289579834516,0.05411846986684871
12.805,0.9745695759757449,-0.5918793060787801,0.09707517163211409
12.81,1.199245776015158,-0.4038595175423933,0.06534367347961194
12.815,1.2141991334699056,-0.6723373223293067,0.11188154264136753
12.82,1.02154940795477,-0.5760552144127624,0.04991779794178686
12.825000000000001,0.4869279175853067,-0.8057544819332448,0.10307812783970398
12.83,0.6238653593048076,-0.8342166286548791,0.12273888019084397
12.835,0.5555249892749172,-1.2139776130682234,0.17617456488151065
12.84,-0.05066071641368403,-1.1509226725469015,0.11403509678147791
12.845,0.3095955996224466,-1.254439642008991,0.1604175086793504
12.85,0.5760796997528087,-1.1187063352885447,0.1701269047294405
12.855,0.12456140029720966,-0.7532745147482444,0.12704128212716803
12.86,0.22217066697246574,-0.6156645813871835,0.13244764684813073
12.865,-0.10543795428616923,-0.8832826391361634,0.14139801504805385
12.870000000000001,-0.18087395307621246,-0.6962189939511876,0.10084877174162339
12.875,-0.07267898506399967,-0.5757136156294921,0.12377006140017033
12.88,-0.28733216028346475,-0.4425697444698273,0.16519085244137796
12.885,-0.25329530775388814,-0.7580217025561394,0.15064418424887427
12.89,0.3059276597849474,-0.7389864000901026,0.13992301888238065
12.895,0.4206871992677003,-0.4561780207038986,0.15302343494456505
12.9,0.007884630952428098,-0.8118447534067548,0.17154913691021126
12.905000000000001,0.5081553934799451,-0.6048382076205973,0.18339977555548304
12.91,0.34750234720883755,-0.5132713413849074,0.15839426342859933
12.915000000000001,0.4794315435492637,-0.46254171794938836,0.21129436192968443
12.92,0.5185778057846996,-0.522056679709467,0.20717283736403852
12.925,0.6176440689203054,-0.5381569146928334,0.18986700779144122
12.93,0.38143713058979767,-0.3635291936562195,0.14857290332423057
12.935,0.6006934222421093,-0.45553462069539846,0.13575132375614152
12.94,0.2855364798395642,-0.6190480278929233,0.14105050818221862
12.945,0.26452983853749706,-0.5702689695924514,0.1378465863825932
12.950000000000001,-0.13315213417630647,-0.5765386516719772,0.08245472600443786
12.955,0.43127401806687726,-0.4384005240528254,0.12367948376108201
12.96,0.020425131601604828,-0.6010928064318374,0.13208508516240822
12.965,0.05659621947567868,-0.5407288305121148,0.10746666865361257
12.97,-0.41228084060270237,-0.7576248128921687,0.07257952745948691
12.975,-0.17478004163758673,-0.6614509084807998,0.06650929181127607
12.98,0.3687101915715847,-0.4963978676396041,0.09057839248838345
12.985,0.28167759693446104,-0.32830405795360407,0.07935529319659845
12.99,-0.09105896022915726,-0.27843055315629067,0.09272960403071501
12.995000000000001,0.5831257793610578,0.21385078973663524,0.094919810266794
13.0,0.20976118689926526,0.3159479740927385,0.10312314421004654
13.005,0.5008206698167176,0.2761132552782891,0.04543739877650856
13.01,-0.02717935978533567,0.5019326739908254,0.06901190308941292
13.015,-0.2290625856008297,0.49874349766421333,0.04479080755503592
13.02,-0.30798219350043476,0.5929757931723922,0.03861704179954047
13.025,-1.0279873724214235,0.3037005567015329,0.04775953279586533
13.030000000000001,-1.2904149354671113,0.462831010058369,0.03686797688016235
13.035,-1.3135917306617186,0.46444138785320993,0.03443709509804251
13.040000000000001,-1.2341876532737839,0.5565579318779822,0.0012812632778847932
13.045,-1.7806658539663107,0.38633450493542615,-0.01885349753916003
13.05,-1.889057983922104,0.1377965051670602,-0.02657870778497713
13.055,-1.3493609469954206,0.35681130356752333,-0.06240836571118849
13.06,-1.607748081798106,0.5164396661349234,0.011403237346702521
13.065,-1.4851683628559678,0.5393278755380732,-0.023474959197088648
13.07,-1.6966855264919118,0.7576166213591813,0.0012773858757936267
13.075000000000001,-1.3296449602504772,0.5763686781031139,0.010982272574119082
13.08,-1.0657288557650897,0.4676429043941148,-0.02915743272238841
13.085,-0.7494261576418503,0.40991953608642084,-0.018238204802209317
13.09,-1.0096278864807293,0.53617183262643,0.040893163941007456
13.095,-0.4082670657560269,0.2830618924680941,0.01042350161253114
13.1,-0.8498919605403003,0.36165351583830735,-0.013139953236879408
13.105,-0.8181083680021223,0.2781258954823889,-0.007256944325109282
13.11,-0.33886325201689016,0.7164985382719987,0.015592006715282866
13.115,-0.6397006538323075,0.6846411884294623,0.006631539542266323
13.120000000000001,-0.8385782153789354,0.6581724505492719,-0.053886898274495734
13.125,-0.8015626197467145,0.8704202446638477,0.016366830432460025
13.13,-0.5323726557686201,1.0706548061735333,0.0008503942046429513
13.135,-0.5596228767172573,1.04497564764575,-0.022496452793021794
13.14,-1.0917466225598766,1.0458602721032717,-0.04142269222458092
13.145,-0.9611806716241076,1.0255664589253415,0.0186264822302409
13.15,-0.9560528837134915,1.1207181215111912,0.013748501610089196
13.155000000000001,-1.1981302808650178,0.9447159511954015,-0.022727951009332285
13.16,-1.0036004919092332,0.8327405326379673,0.013905803235274261
13.165000000000001,-0.9905528948635387,0.6025157395392114,0.09859176043193728
13.17,-0.7490811338420613,0.700346951610307,0.029113225003662955
13.175,-0.7412635649274989,0.5750837964092109,0.011587552775517854
13.18,-1.085777280459738,0.48247327725726563,0.0023989101609073697
13.185,-1.090480200871777,0.49735866885449814,0.061714781784202075
13.19,-0.9459403775270889,0.52520977069391,0.032041429618602964
13.195,-1.2677628706927944,0.4706458385758352,0.03581632806570142
13.200000000000001,-1.0808566183356048,0.39622863417654663,-0.0009685731754452707
13.205,-1.2917874059765748,0.22114844615744805,0.013644172684842363
13.21,-1.542247856996717,0.10173701808424004,-0.043042555619760954
13.215,-1.5898618119344037,-0.044887695688128455,-0.024773108967029795
13.22,-1.1073864123674866,-0.058751529835264785,-0.025051790268164943
13.225,-1.4539880309437647,-0.03763061470624118,-0.0005733585581985968
13.23,-1.0436679639936126,-0.1944001401339261,-0.02519476143165109
13.235,-1.4430567402487586,-0.0838974384508601,-0.04636584579958105
13.24,-1.1776138330637431,-0.21548556029480082,-0.029567943074680615
13.245000000000001,-0.6052629110402029,-0.26687033424789536,-0.0709565178658096
13.25,-1.1934446349207617,0.1489862265574081,-0.08877446790612314
13.255,-1.2079159183238266,0.03905880869484437,-0.02033121146314072
13.26,-0.35567327915494795,0.050890123959950816,-0.056869298236074554
13.265,-0.6361337984491121,0.05310878633445166,-0.0652399273245127
13.27,-0.3043315549864599,0.26911993472528445,-0.05288381971755096
13.275,-0.2838105557828852,0.3631538371182557,-0.054222894645044595
13.280000000000001,0.015458226342487237,0.030574214816822064,-0.08935794020859637
13.285,-0.15502235067774828,-0.05990561644193508,-0.0708915174442486
13.290000000000001,0.07137246336544127,-0.01830392659387007,-0.11668756824505343
13.295,0.24211392852614644,-0.5724858445787294,-0.13123968506108558
13.3,-0.054072668110007785,-0.1815141558803317,-0.13952347193458806
13.305,0.011359168820514895,-0.2370226889829188,-0.17899044369536268
13.31,0.07749935471541845,-1.0596005911786164,-0.12740344588960836
13.315,-0.16471576488207018,-0.7605030585804593,-0.2058088143599532
13.32,0.04211786060792481,-0.8918321017032836,-0.1596893868528065
13.325000000000001,0.1572945068020109,-0.853688137668016,-0.14252905483177086
13.33,0.05602397375512379,-0.8919208268536383,-0.1593093595651624
13.335,0.10252189772613848,-0.7336360974754733,-0.15056219823627012
13.34,0.18309142153066582,-0.8824499637346828,-0.09799876772715
13.345,0.07833515536076725,-1.0177308646409675,-0.11840486125418187
13.35,0.3960952247438271,-0.9370324517048785,-0.16536473605308144
13.355,0.5796200411198358,-0.8572978297121638,-0.16661807476868787
13.36,0.18812492985935164,-1.0988862448908636,-0.1922926609824963
13.365,0.3911348715233655,-1.1435873583208773,-0.15209138075393686
13.370000000000001,0.2213044970425627,-0.5827949755297654,-0.17914650346186595
13.375,0.32045448541725113,-0.8788930509903494,-0.22166783998680162
13.38,0.534597439866927,-0.7104927552543866,-0.1725860659872587
13.385,0.25980125977235174,-0.6385470406426313,-0.16078751890377044
13.39,-0.2769369004834526,-0.39895868363269177,-0.1415631222885259
13.395,0.15600909611944133,-0.13717006243893937,-0.1563428996630584
13.4,0.2946853309993326,-0.24605966520621605,-0.15213322209777444
13.405000000000001,-0.0213346846338236,-0.5209639344145717,-0.08496414931036378
13.41,0.2604866127179953,-0.5219448104572612,-0.11980884647157747
13.415000000000001,-0.04640207265939072,-0.4393688472237827,-0.09298350586600636
13.42,-0.13161364150575008,-0.5032437099474051,-0.11453849251885492
13.425,0.3296959489203836,-0.80198924576374,-0.08046667923170396
13.43,0.06343799389133085,-0.5332601110488799,-0.1282025155032569
13.435,0.5435941082026212,-0.8722780779913308,-0.10488336136133494
13.44,1.0348027910123612,-0.5493824134037226,-0.12416485420293844
13.445,0.5173353522753829,-0.5089618734437851,-0.1128297093856903
13.450000000000001,0.8069191426836981,-0.7720835321010037,-0.07218890307434321
13.455,0.9967635876917246,-0.6185983807051136,-0.11772386774116612
13.46,1.316107762936206,-0.7788151514199438,-0.08677959734911463
13.465,1.3356385068338072,-0.4339070108587098,-0.06611989272323748
13.47,1.7665454053186997,-0.5097537012878163,-0.09806533644051779
13.475,1.697197464322133,-0.5174346782732351,-0.06786136311395444
13.48,1.599812838318316,-0.3379744386514708,-0.07097181874202915
13.485,1.5062161986437335,-0.3012219001653815,-0.07237493967281416
13.49,1.52700639324348,-0.21903586800866132,-0.0496452436076407
13.495000000000001,1.220633563650606,0.03112084670506227,-0.0176807395089367
13.5,1.5488718286695229,-0.12858305120949676,-0.07157615600112292
13.505,1.0943411445823739,0.3288303199096068,-0.07791953174404102
13.51,1.4833195474279544,0.015479744135465368,-0.08129194035615207
13.515,1.5398407413088528,0.5570209276020962,-0.03922376412161573
13.52,1.320410299539043,0.31160892359474324,-0.043696607774943205
13.525,1.230539222417796,0.5657146459791514,-0.09211786906723383
13.530000000000001,1.3459679089613585,0.5804465964876742,-0.13970400762238874
13.535,0.6367233817142207,0.6476137993422636,-0.11527906424871386
13.540000000000001,1.2888194541212759,0.8136000379432209,-0.09511436885128971
13.545,1.162811314331747,0.8762752114291313,-0.11586823467635578
13.55,1.12254164911094,0.7644868951566864,-0.11385935772593819
13.555,1.2139296535413941,0.45210284743107837,-0.1314451141296204
13.56,0.962442140779875,0.4442768067625113,-0.09414859289150188
13.565,0.6401050438814525,0.22999491172466574,-0.10680343788337804
13.57,0.7543281542358785,0.14852817672300447,-0.09712515095937076
13.575000000000001,0.7033162252634984,0.1092998490788751,-0.10319542194270127
13.58,0.6290654675370358,0.22845158424789846,-0.09166472042361032
13.585,0.5734930897706834,0.3771745558554204,-0.09195153508708938
13.59,0.7202228745952798,0.14794125322037313,-0.12536455967528723
13.595,0.25533549588049625,0.49785651477864673,-0.09812166267522802
13.6,0.544555015359433,0.8044438654393543,-0.09358250221837451
13.605,0.8323973402833253,0.8246749241145855,-0.09173802732951658
13.61,0.26313672647085484,0.6432913715368549,-0.11624729283085013
13.615,0.7681314294584006,0.5704323224967153,-0.1552969072923956
13.620000000000001,0.713189471606616,0.8593455667280373,-0.15684527510331012
13.625,0.8701241970506196,0.4872414258009644,-0.15074848332646737
13.63,0.8606238837183032,0.9891158469116978,-0.13575547382757658
13.635,1.1068176243173469,0.8267709344593319,-0.13932921408124277
13.64,1.6029484158196867,1.1473015975224063,-0.15579915776829442
13.645,0.9797579602876397,0.6844000235097044,-0.14617147483828508
13.65,1.0102201515560927,1.095798318431033,-0.1571063292401871
13.655000000000001,0.9631075579668579,0.9811188231456209,-0.16826758060549088
13.66,1.56465882007071,0.9567714309990546,-0.0856014249472915
13.665000000000001,1.0309150034468726,0.7878560532564208,-0.016529721569323717
13.67,1.0427711418617025,1.0053970632432474,-0.018969581429417404
13.675,0.8726913176893832,0.9192955929844107,-0.07642311996515587
13.68,0.6657731687768399,0.9454340686840599,-0.044817996549130025
13.685,0.7295618452843613,0.6839108043568992,-0.07952480709744982
13.69,1.2243146294309548,0.29923566790818523,-0.07429984703705766
13.695,0.9257505213236469,0.09215219638962417,-0.07056417850504093
13.700000000000001,0.38428829277743776,-0.08375219629267902,-0.04639348169249642
13.705,0.6486314057529384,0.22843971825264525,-0.042706885490439654
13.71,0.27938337277312975,-0.13492237692522957,-0.027817067902384453
13.715,0.02177874566370522,0.18038055254636168,-0.011029258703475929
13.72,0.5553230504202079,0.08265697772753616,-0.024710550563091137
13.725,0.5105416705080346,0.1265660364283954,-0.0039444093115762096
13.73,0.39699186001889963,0.13503127835829298,-0.016737796185567807
13.735,-0.031147179798373763,0.38333748683245195,-0.008194000650097484
13.74,-0.08508119950814547,0.39193393689117323,0.0022900703074071054
13.745000000000001,-0.01856794341797695,0.4096176797130274,0.06533462278835933
13.75,-0.22907276980576735,0.5670090229139689,0.05264098499610946
13.755,-0.5285178404049923,0.389971093813894,0.02419290695892188
13.76,-0.9119082821363631,0.1911402642287255,0.07072557226825528
13.765,-0.6459981785281,0.26593551151938327,0.043931801639872585
13.77,-0.5192786722644072,0.06413755611245985,0.11029806256925802
13.775,-1.0546711998524807,0.0626871222391802,0.05408453359908134
13.780000000000001,-0.6795378253295258,-0.12216396658308244,0.07881296827426108
13.785,-0.7292773192568941,-0.2649304729129957,0.08357172806377176
13.790000000000001,-0.5941895473354263,0.11440933711234381,0.03187583534306695
13.795,-0.49792698456251805,0.03945516961395705,0.053908945115374224
13.8,-0.7449919425353574,-0.12467210120391116,0.06511799538782177
13.805,-0.846450625408843,-0.4012253189315527,0.05709322247828189
13.81,-0.5209799010205783,-0.5112341758644094,0.066972809816007
13.815,-0.13332987369565705,-0.4139440186220255,0.03275916313133641
13.82,-0.3727573869043493,-0.8037275446059038,0.08265914997559727
13.825000000000001,-0.3628274597706267,-0.9782121635921824,0.06349677120656498
13.83,-0.5879784674435414,-0.7352517883521213,0.08676238442982286
13.835,0.16289316799702114,-1.0782047250921074,0.10155829333017051
13.84,-0.0723919303179397,-0.8493337847740801,0.09438504420542886
13.845,-0.14291793645096573,-1.2764171747753992,0.08277746214919941
13.85,-0.1746234381789424,-0.946281542808391,0.08300672833275846
13.855,-0.3406437468907773,-0.6378464216610401,0.07555545267723734
13.86,-0.6003858223720623,-0.8211210145665806,0.08494369762329612
13.865,-0.6637298894980778,-0.7586719602651028,0.03968407909169408
13.870000000000001,-0.7922212020322035,-0.7962135508424721,0.03604261490049223
13.875,-0.19993627900573127,-0.41242711620960154,0.04784706826653334
13.88,-0.6938874069881434,-0.6336492560607765,0.011115362438688894
13.885,-0.9523785305753717,-0.523353414315919,-0.008983621774557872
13.89,-0.7889182127992413,-0.687049667449964,0.03658277926569988
13.895,-1.137599426718318,-0.30575531477430157,0.025559344764508187
13.9,-0.6378919866873033,-0.3743722259913191,0.009331170416110325
13.905000000000001,-1.1455896357598918,-0.5463174005765012,0.057498731862600114
13.91,-0.9547180446374702,-0.6987846424052663,0.0873756653124493
13.915000000000001,-0.9047932417873876,-0.30465295672871384,0.022748672379086232
13.92,-1.133885027149121,-0.5536577459270033,0.09019552825610347
13.925,-1.2898598465370323,-0.6423760422445017,0.010003951421751546
13.93,-1.407199953934218,-0.7309205387149719,0.061036985919473034
13.935,-1.5199398515097,-0.5867755183812415,0.11264178231281316
13.94,-1.7206582860087727,-0.7328756321618983,0.05975101887146661
13.945,-1.7665857008623238,-0.6633671729114059,0.0671297185770676
13.950000000000001,-1.4040714446960365,-0.5256248871855043,0.08113109398821033
13.955,-1.7626763961649878,-0.7334814869753561,0.022898968508192154
13.96,-1.8935916797733858,-0.6617866014412344,0.06699542630573935
13.965,-1.788145195730906,-0.8138586919422133,0.07184726181398024
13.97,-1.3626845039422149,-0.6623796817121387,0.1219359596432821
13.975,-1.3450429076399593,-0.31683647853463953,0.05999523255849257
13.98,-1.2402780530920539,-0.5123392395556677,0.09263726037659034
13.985,-1.2729482939552987,-0.25388650931600687,0.09356030906889574
13.99,-0.9505477597738341,-0.3570059101584606,0.10483544724644153
13.995000000000001,-1.0714125615990415,0.24967431134187856,0.16817808417421024
14.0,-0.8650754675898281,0.12418848297426695,0.15310247775522087
14.005,-0.49936738506638556,0.46726010698076464,0.14747871514877178
14.01,-0.44182375908683374,0.39412758991599767,0.1533344966103665
14.015,-0.7870638357625107,0.5535247735350373,0.15424147810878808
14.02,-0.7350500504664644,0.5860956425980484,0.1557155597454041
14.025,-0.5266930994824409,0.4294018403827807,0.13470620566893818
14.030000000000001,-0.1961232548808235,0.6372559660124644,0.15482304079521444
14.035,-0.9989161256685302,0.3656487701470326,0.14906744221452725
14.040000000000001,-0.5601943025586151,0.5783041365195626,0.13727487699886176
14.045,-0.9407899813978855,0.4199113881011498,0.1578429096177708
14.05,-0.8029138436491836,0.5394084840140422,0.16104664036077454
14.055,-0.7555891304086981,0.4441538652808294,0.14565290635219724
14.06,-0.7666643887013664,0.5320875796955606,0.16026881120880385
14.065,-0.7798705572587388,0.37885468650915327,0.220169462895639
14.07,-0.6463069204695638,0.5551972994533996,0.2253407280850265
14.075000000000001,-0.7412301385851869,0.5004632746422146,0.15614362784503918
14.08,-0.920511469789403,0.38002168417267473,0.16269942475256105
14.085,-0.43041053055907225,0.4067290809723542,0.15993182094575312
14.09,-0.43589380677727935,0.3994330998123659,0.2069859613279183
14.095,-0.4300349941557093,0.27936265003563215,0.16710697498076146
14.1,-0.9664541254165718,0.3632778996257141,0.17327250691465776
14.105,-0.6137032063219796,0.28992359259541955,0.20328051773745118
14.11,-0.5814521341977734,0.8471271753231466,0.14364398839571305
14.115,-0.99645566879259,0.7785957525374394,0.14740938020140995
14.120000000000001,-0.8201120512273639,0.7963824034204114,0.1307060901032878
14.125,-0.8799170328207175,1.0517514078183636,0.09400661742898095
14.13,-0.47472107141017966,0.7198643766826445,0.12417238430598722
14.135,-0.44342494958622497,0.7198285042416122,0.0737058816546169
14.14,-1.1647716078084345,1.0649127186338068,0.12186735167930694
14.145,-0.19957744358139684,0.9234836793974828,0.07583003745298084
14.15,-0.8175767293755163,1.0395966297146908,0.07902163637122613
14.155000000000001,-0.2747770750342196,1.0241663663413192,0.06596417903788587
14.16,-0.11652608539131813,1.0264188002857393,0.07069904440130631
14.165000000000001,-0.36155095868368053,0.6303937075743715,0.0819964965927764
14.17,0.135931175846795,0.7457288077788048,0.03276858240258865
14.175,0.18286972477182606,0.602653857578733,0.07969242130153634
14.18,0.48599901222165476,0.5767855424696929,0.06642339212976424
14.185,0.5580924975380059,0.39608599857594934,0.08809340502868536
14.19,0.8795140240323757,0.6147265229645398,0.06957472375974351
14.195,0.7270368191694734,0.35717726658377713,0.03291630429443188
14.200000000000001,0.7334422294503122,0.568382484550565,0.02935508504509906
14.205,1.035685139126419,0.1436701650451326,0.02697789566556538
14.21,0.9368476004176217,0.2863461680270506,0.06223919629168417
14.215,0.9652380763079438,0.09383384186113733,0.006232510247348296
14.22,0.6547596303408032,-0.021343597952916578,0.009935467257867949
14.225,0.5590456860832753,0.048719509757942765,0.004656785944449292
14.23,0.6499187855731564,-0.1257456218218519,0.0030645160761355304
14.235,0.634743586569126,-0.4726180096212693,0.05315998200944408
14.24,0.9402398139523497,-0.5110984430741261,0.05937529387704433
14.245000000000001,0.9945713144968796,0.14657023577236183,0.09272394712685142
14.25,0.7732666134437534,0.20689248239285765,0.09359449363702711
14.255,1.134335020210367,0.3719288164636333,0.12965699969812838
14.26,1.1410704641945195,0.16639266675156103,0.07352993201144646
14.265,0.9134839806813106,0.02509130146119846,0.06838640199072393
14.27,0.6867072125690724,0.15035960571794638,0.04114637881138838
14.275,1.1839399565083917,0.17098210127086216,0.0836209723540146
14.280000000000001,0.8038800297397429,-0.054549591925106604,0.06528193495993814
14.285,0.7977389188148729,0.20282930768837476,0.07342021478993539
14.290000000000001,0.6401682896866083,0.14629788558569085,0.02848662520970502
14.295,0.4578407450682263,-0.24990869261856913,0.062413550499337216
14.3,0.26953306657348874,-0.4602592606519911,0.06035418253830188
14.305,0.6612146763002942,-0.7640134519445619,0.06251251233844009
14.31,0.31764192734176067,-0.4602074564859248,0.04890113428852488
14.315,1.1191500592608556,-0.7360059638272122,0.09962791673173514
14.32,0.24324552111631983,-0.831257776368949,0.1269227850784745
14.325000000000001,0.24632215956553563,-0.7485532074445341,0.05922733432543726
14.33,0.6941342140263714,-0.9155041143065207,0.1066372048024259
14.335,1.0105047182450697,-0.8273460151611708,0.024245557403982078
14.34,0.8197439828697088,-1.0698879937249808,0.10602732091873159
14.345,1.0656420272583003,-0.7361299957625165,0.04193611363798347
14.35,0.6943294517389815,-0.9274802472085188,0.06570038300973693
14.355,1.084900102266959,-0.7665289864738278,0.03696768799983457
14.36,1.1302473091177625,-0.9603989540918972,0.050731199414424825
14.365,1.0650969664833587,-0.9307604954820103,0.06284542077049028
14.370000000000001,1.579045236629816,-1.0345218391138336,-0.012485844946408977
14.375,1.1305840554206161,-0.6812668042637742,0.01173527028678723
14.38,1.3522319149193862,-0.814576415965545,-0.0007415603162372027
14.385,1.5165916659053498,-0.6510382823475168,0.041764453912880785
14.39,1.426309716269671,-0.47605954283140567,0.010570371618238546
14.395,1.6422456330496538,-0.36994466201828957,-0.029526605006779633
14.4,1.5647514782806677,-0.5682568912679384,-0.014250404116363106
14.405000000000001,1.626900190946858,-0.33949304944519854,0.03222574754477794
14.41,1.5339683465797351,-0.21478284886784502,0.010784609957211833
14.415000000000001,1.5593283160652782,-0.4364616778532112,-0.030772080487149585
14.42,1.265689076592355,-0.4971125392201976,-0.021088380652909175
14.425,1.2894718074719715,-0.5364045885784049,-0.028499991016569658
14.43,1.29921691133529,-0.6664925574553028,-0.04631229050213139
14.435,1.1890165537632598,-0.8644128146613851,-0.08663247648222999
14.44,1.0416319519554704,-0.7649736666388909,-0.07671384927019662
14.445,1.0169825652234403,-0.6254586226223425,-0.043000130250071184
14.450000000000001,0.8641859164692823,-0.8852488388768925,-0.09851375539904489
14.455,1.0650595939595722,-0.7332481024552279,-0.10436660698754659
14.46,0.8750950722963047,-0.799911893766018,-0.10847525170290226
14.465,0.6576642571613759,-0.38912901767989655,-0.06652480011199738
14.47,0.5484040226983289,-0.45255470822920985,-0.12168343685468688
14.475,0.3131223524935046,-0.48402644871278194,-0.0965764782663624
14.48,0.65977712320624,-0.2841909760595953,-0.13397121660221814
14.485,0.3522166970190813,-0.40521609659175645,-0.12208539976423491
14.49,0.049012613020372575,-0.3188700161357851,-0.1110487943031404
14.495000000000001,0.32403029441109904,-0.30852252531929625,-0.125106632458147
14.5,-0.02338751009293792,-0.16825416321940442,-0.10856731539388706
14.505,-0.22875321055996053,0.2755986686793156,-0.08164954156057767
14.51,0.296409997107418,0.09890899926822413,-0.12199076234944169
14.515,0.0009920605861089722,0.3950499189001549,-0.10610674354050678
14.52,0.09155454622930612,0.33700792759672815,-0.09401034793029128
14.525,0.27020424125978565,0.672907483727848,-0.13532935551444294
14.530000000000001,0.5989116321492881,0.5049178906685781,-0.09575222070011072
14.535,0.4546738574238158,0.7015883805118474,-0.12410013018544579
14.540000000000001,0.28229089558054493,0.708104287356992,-0.13218976920796793
14.545,0.7262612977363824,0.9929719727653501,-0.17532121490549532
14.55,0.555961377304983,0.6855454916141557,-0.13409980155157392
14.555,1.0847430736456334,0.4255990741738803,-0.11083916868023022
14.56,0.6750046400625466,0.5148595633608446,-0.07039827161847272
14.565,0.16374304197612627,0.6415804477186823,-0.0879983353604576
14.57,0.6580671331278375,0.05859523738751939,-0.06420600596351453
14.575000000000001,0.9184796440607454,0.15212061759538037,-0.10853926187395227
14.58,0.7484773997537523,0.2567351794700054,-0.0742193937689961
14.585,0.7054937364105766,0.28320954303632284,-0.03595083227736538
14.59,-0.00015982310515705146,0.37049654865959325,-0.08147367637823998
14.595,0.3204585370418478,0.3205688829035072,-0.03726238618846734
14.6,-0.11126651786427257,0.7886486521427754,-0.04475785243973951
14.605,0.017954575193222803,0.4660458168345762,-0.05989988313701784
14.61,-0.3650512859276031,0.6975499035257873,-0.0799562761693808
14.615,-0.2876874785022543,0.9147112789931363,-0.10182967626685158
14.620000000000001,-0.34875988498529253,0.7902819619461526,-0.04317138912509086
14.625,-0.0692804969742131,0.6758263186297866,-0.07467050514642523
14.63,-0.15405140429349362,0.642564025197248,-0.08427480842625754
14.635,-0.3410374224887648,0.8244578350265728,-0.10248863431990776
14.64,-0.7773566763920886,0.7824978004233181,-0.0903724329500337
14.645,-0.6589918617997046,0.9567272302654775,-0.08417188364829532
14.65,-0.8677608671295832,0.7688701576027481,-0.07451586404411141
14.655000000000001,-0.6476131000921941,1.1098754128880908,-0.06255635441192571
14.66,-0.7093235245878753,1.0197160334465831,-0.09497568006675633
14.665000000000001,-0.8584276213399206,1.0076800941700816,-0.10981328047028506
14.67,-1.355859379705791,1.1245392102710006,-0.07490593441267493
14.675,-1.8701147179740607,0.7622959106118429,-0.12218595150896633
14.68,-1.7265909644158313,0.5915370165155996,-0.09616682506662855
14.685,-1.0786918669761123,0.4646309256943176,-0.11037391489168469
14.69,-1.466830898180409,0.3558003765417902,-0.09858884142098619
14.695,-1.507291977532782,0.22078862218399323,-0.07614903556310659
14.700000000000001,-0.9323999564473859,-0.008101148072814845,-0.1803470421536775
14.705,-0.924886439929733,-0.2649712042849817,-0.09242872053796687
14.71,-1.0853800123863147,-0.10666040304830199,-0.15985785141674327
14.715,-1.0417037941906706,0.014969719324971261,-0.15217510525721575
14.72,-0.897976181341991,0.0074092529703242635,-0.1963813073086605
14.725,-0.7230582547397849,0.20135506684600935,-0.13997595664239865
14.73,-0.3502729394303129,0.3582051189916768,-0.1601195814939793
14.735,-0.5457010352570927,0.23302403068772898,-0.15877593395353054
14.74,-0.45158761381423645,0.3474371405974806,-0.19839303418583373
14.745000000000001,-0.35436604611819567,0.2652826838208843,-0.14736805378009568
14.75,-0.8752611082257127,0.3810449732110909,-0.12661612716296403
14.755,-0.5058076255525341,0.3666822688230716,-0.15113842067433
14.76,-0.7847945172024389,0.19618570454707973,-0.11938348345894777
14.765,-1.3208856644467837,0.11673444006200127,-0.12362152524702687
14.77,-1.3003391058207532,-0.051456436566210774,-0.16995242489930545
14.775,-1.1203738530143312,-0.05982807429065156,-0.12308661480410595
14.780000000000001,-0.8373131223070212,-0.12625917476378637,-0.16466614340045965
14.785,-0.9626812023032435,-0.014453554430426297,-0.16858949634598866
14.790000000000001,-0.9726159879993546,-0.23401914814919755,-0.16928556344673645
14.795,-0.6113895247063592,-0.2060966857570352,-0.16894780701606835
14.8,-1.3091491890785134,-0.5813226798094623,-0.22788278932922637
14.805,-1.0539122382754775,-0.10374024444640506,-0.16307375383805228
14.81,-0.9972359770331101,-0.49998582201162006,-0.18025908083030456
14.815,-1.242394125452764,-0.5445620970161905,-0.09766175366491803
14.82,-1.1143014276198873,-0.5483951636202054,-0.08487365122798009
14.825000000000001,-1.5104527988603034,-0.8467347165380787,-0.08824321907364648
14.83,-0.9292774707846879,-0.7955595006562083,-0.10090797710184071
14.835,-1.4465832527350915,-1.2464976741651186,-0.10788167579755195
14.84,-0.9427881788505732,-0.760688280418185,-0.09103363252074372
14.845,-1.4562678430070435,-0.9261061066692724,-0.02412674958470536
14.85,-1.2927971864575325,-0.9898300679822895,-0.08231679199164577
14.855,-1.5686755463849296,-0.7288952658700449,-0.11971988387956455
14.86,-1.5840806672660166,-0.990023607215955,-0.0400405974000754
14.865,-1.6921450765680404,-0.7621405917138806,-0.028890124210586766
14.870000000000001,-1.498613179835736,-0.4280733198867538,-0.024327038522848083
14.875,-1.3788397245538588,-0.828121230420738,-0.036485520281112495
14.88,-1.5052727913983848,-0.4461141293507089,-0.028165983862092184
14.885,-1.2292306101300057,-0.4349850778455581,-0.04822024078027649
14.89,-1.1781943083758777,-0.2355105569809051,-0.08903396703693142
14.895,-0.3920826301471034,-0.7482913359970956,-0.028986172029154017
14.9,-0.7360894029757789,-0.3102795553325409,-0.0034166482198996332
14.905000000000001,-0.2293423889512112,-0.6207185872385961,-0.009571703674939886
14.91,-0.45951361754030984,-0.5991191526400013,-0.00020459948693769305
14.915000000000001,-0.2435829856453456,-0.6933578777147326,-0.010209425189260612
14.92,-0.48854878664198476,-0.6554064727121958,-0.005573148301292057
14.925,-0.23706590685280018,-0.4297333609719085,0.06323169543102734
14.93,-0.05791088050964989,-0.639338535592856,0.06311414779382642
14.935,0.2521826470224983,-0.39139506420893333,0.015296154816989024
14.94,-0.03923611864258058,-0.6212959680951052,0.015911685576286905
14.945,0.19820192096755188,-0.7465528338413329,-0.020938843903796148
14.950000000000001,0.025463897475524196,-0.70493352779424,0.009619632111122574
14.955,0.22429672710035983,-0.6331158153987645,0.029160858412554978
14.96,-0.14045431287239002,-0.7510093163274835,-0.05279639274173372
14.965,0.38729323219107836,-0.7070889896384882,-0.00876309723697542
14.97,-0.21120876345040274,-0.5734400129355607,-0.007166399249077697
14.975,-0.24704377184915025,-0.43501324562303234,-0.005277058827105878
14.98,-0.3119861835218336,-0.5069283765363526,0.024802661422113313
14.985,0.4746542278088175,-0.45524317470464537,0.03898457895666607
14.99,0.17879356007591574,-0.1256328401985435,-0.00912739867044959
14.995000000000001,-0.0494910433147609,0.10176204894250168,0.01627574341938788
15.0,0.2937128706988435,-0.014430380787560346,0.004947761292418967
15.005,0.16434956556281902,0.1936721239899976,-0.011633405572702035
15.01,0.4127854935431705,0.31012536439184,0.007216615468229874
15.015,-0.3743929304769066,0.4380368677154661,0.01195942014987445
15.02,-0.14604408843725197,0.38426049714352817,-0.0051542629434035234
15.025,-0.23557244989353568,0.5928211546100625,-0.03834638870092113
15.030000000000001,-0.6002095901806352,0.25713042415480836,-0.03603126144956237
15.035,0.01850244213725039,0.24997309050143973,-0.04224873289495441
15.040000000000001,-0.27389581324481665,0.42160182985671135,-0.05565436699312948
15.045,-0.040072777899305745,0.4501507959329125,-0.030133421633473777
15.05,0.35457831347848257,0.28512108476717063,-0.02601533050223063
15.055,-0.14362838016627574,0.4237517208446914,-0.007928816919021342
15.06,-0.04654044367542021,0.4685200516161678,-0.043096930122593614
15.065,0.2068479163700316,0.4748918106539818,-0.02642879671899081
15.07,0.5504637305032912,0.5417126248827809,0.03493552748518172
15.075000000000001,0.3887074502760169,0.40099126357933124,0.006378466217037734
15.08,0.5473136822593789,0.6644407472667156,0.021917437277855882
15.085,1.0729226962144176,0.4832932463289927,0.026522592890579778
15.09,1.077697763673637,0.26679026299526065,0.06444872749900858
15.095,0.6873888025380208,0.3795537216643962,0.07031589663383814
15.1,0.961837167678129,0.39890429985566056,0.07175276795581192
15.105,1.6138685563888533,0.6028528589847253,0.04748730846428274
15.11,1.420281448039129,0.43189644487817236,0.026788042211759365
15.115,1.18689917823194,0.7374717679977861,0.09278845510955035
15.120000000000001,1.3073375170553627,0.7637910805557567,0.06929162717279846
15.125,1.3259359172954064,1.096775762273734,0.041965171479434
15.13,1.4515440256652996,1.1807642522097372,0.09188786286825514
15.135,0.9743046050532089,1.1080750270901383,0.054540666940466866
15.14,1.0579909814297521,1.0842229308584672,0.11118287591456248
15.145,1.2760553005882453,1.1891828845956807,0.12579547426168453
15.15,1.185248566465618,1.0475112849362689,0.08375707382973324
15.155000000000001,1.325139000067384,1.2320062139537356,0.13324968353730324
15.16,0.9422661644596537,0.9077536629581446,0.151255147314621
15.165000000000001,1.2835626997791476,0.7336506580737122,0.2055240721017347
15.17,1.4390415430537484,0.6246251872565582,0.135487237777432
15.175,1.2997799574220805,0.42965836556443604,0.1918285435362382
15.18,1.202278410712434,0.6062493939855526,0.16081472095385801
15.185,1.1129408936258889,0.35376974681044704,0.13051455631330605
15.19,0.8993182011766029,0.5745599664169727,0.15366374592563192
15.195,0.9909818804304341,0.18953740297994065,0.15201321592254574
15.200000000000001,1.1924867489636026,0.3362597357091528,0.122242726238302
15.205,0.8095472588977066,0.41718351447284524,0.15003429156142017
15.21,0.5575967515573352,-0.12169074458318861,0.16223622656749948
15.215,0.5640775416348923,0.3867015424506393,0.14439371123293665
15.22,0.6503813090905921,-0.03509145015058568,0.12724464389313625
15.225,0.48956601344636524,-0.02051390092141136,0.1394869645664703
15.23,0.6629732342951424,-0.0030385162930006244,0.1472449218797235
15.235,0.69188459109879,0.004906013138391809,0.15737184571401117
15.24,0.8214856926152845,-0.04081069947075351,0.18278870656344198
15.245000000000001,1.0145227842140878,0.10780595274701149,0.16628853130455754
15.25,1.0240072741593464,0.10665642238700382,0.12796977455791503
15.255,0.726961660101319,0.3541053474643098,0.14576465297912253
15.26,0.853606064517947,0.2424808978249444,0.15791319815103275
15.265,1.1461111497174157,0.4841767479613337,0.17257916813398866
15.27,1.1685916482112577,0.3364961426142476,0.16653843053470718
15.275,1.1037315224876962,-0.08513371014570932,0.16609787526663816
15.280000000000001,1.3079009880060148,0.45539759319053047,0.11551180490718607
15.285,1.3270012528533803,-0.11047280832419473,0.11887570014592581
15.290000000000001,1.2812853907932824,0.04144300597507418,0.05710229161131078
15.295,1.3262316197920745,-0.3135421061111571,0.09382553096059082
15.3,1.591078925152834,-0.30917616528031244,0.05403887393579886
15.305,1.3108855323864679,-0.678533949845931,0.07619419063901496
15.31,1.714425451187775,-0.5899710440829292,0.14972958028133482
15.315,1.1379628199413383,-0.7824459046253212,0.08901283383249015
15.32,0.9564693012091066,-0.5679549397255425,0.06597072856851335
15.325000000000001,0.9423977663654276,-0.7545440672477295,0.10022859280254363
15.33,0.9279912599830429,-0.701039481299542,0.08225531328687861
15.335,0.9066047380777019,-1.1530556881061425,0.07397948384415115
15.34,1.204254566659479,-0.8786449267346386,0.14577919188810007
15.345,0.5310854442645795,-0.8314821146468522,0.11930987723281601
15.35,0.8440395626179901,-0.8812476893533513,0.09821445708640353
15.355,0.6478307968055363,-0.7943852320187031,0.07530937405259851
15.36,0.20008977943851888,-0.9836216572354917,0.07097784916433728
15.365,0.6177333211101719,-0.904688126404125,0.10854485621154529
15.370000000000001,0.6259127127867907,-0.6971714825759804,0.07513265641807984
15.375,0.0594772558628948,-1.109510760069632,-0.006490364019897907
15.38,0.11558719924840238,-0.6080698788733009,0.1230065698235224
15.385,-0.3827067893518101,-0.6295393703608327,0.07423841631685764
15.39,-0.4152873018434451,-0.6047908669202803,0.08455957374129994
15.395,-0.047570077769968445,-0.3395970742516105,0.11093490251276962
15.4,-0.4801137541986329,-0.15479740859066948,0.1069186229074995
15.405000000000001,-0.703923647184154,-0.1605040905765622,0.12459333103450114
15.41,-0.4766924995310665,-0.3459070737284731,0.10771215394694628
15.415000000000001,-0.6638493300011118,-0.25970956335828077,0.097821091536044
15.42,-0.6469230793393684,-0.3430914212595083,0.13984030166650932
15.425,-0.35208505944154134,-0.5716086465040638,0.170649212474335
15.43,-0.6952994497312109,-0.7464234712342339,0.12288010423502739
15.435,-0.5586461104131293,-0.8087011442145071,0.11931990581345102
15.44,-0.23907261069286137,-0.6417624451191488,0.16129379715343442
15.445,0.032063182054259114,-0.771505301862363,0.1171703594821903
15.450000000000001,0.18384237972319523,-0.8845450140759978,0.11328383909747934
15.455,-0.13412800190296942,-0.9179355131528261,0.10995327668986486
15.46,0.2904238333546273,-0.4879425309471914,0.1145062876197799
15.465,0.003712500390519109,-0.5988729755578657,0.0785322625953044
15.47,0.6455320685931687,-0.3929721437598596,0.10427736972203863
15.475,0.10593603912352291,-0.18947132047420492,0.12573256630243557
15.48,0.728709788344857,-0.48167718646354407,0.13030387863097784
15.485000000000001,0.3956130584108465,-0.24194029353554108,0.15738714144902072
15.49,1.0296994905132268,-0.19726526122068178,0.17798009968221165
15.495000000000001,0.741589084350205,-0.04920708703936938,0.17338840862237623
15.5,0.34815603251274385,0.1567489956033526,0.1600097533949778
15.505,0.333542588825297,-0.10308218640686845,0.1326733338085929
15.51,0.43390929590599436,0.28254432671792257,0.11581871665590768
15.515,0.2801852092906321,0.4747241118810316,0.12189937747581046
15.52,-0.1770232957557325,0.4286094170895877,0.12358069248471786
15.525,-0.3523076571045087,0.5464854302244151,0.11563107543150959
15.530000000000001,-0.36958935862968023,0.7085126996368726,0.09663238971080311
15.535,-0.6413234589994913,0.7446586564081086,0.06508305977571793
15.540000000000001,-1.0590227942891701,0.7827331377632295,0.07345846172603158
15.545,-1.0561855554199662,0.7439948382253785,0.07367793922129427
15.55,-0.9286516991108655,0.45829131985596055,0.05635833788367522
15.555,-0.8189040968835551,0.6487339293072315,0.02916805042275825
15.56,-0.8388350203279946,0.5827560342633089,0.006857419999064299
15.565,-1.127212891100974,0.3664492045050341,0.004454448176062056
15.57,-1.3418749011742936,0.07769013895801154,0.007570532242018388
15.575000000000001,-1.3460054002239321,0.2546890654038668,0.028408584155341452
15.58,-1.736251837138147,0.3175238494148016,0.032375465095473434
15.585,-1.6927890680727857,0.18067271212071714,-0.01691696723823256
15.59,-1.8739570212648224,0.36663737056010265,-0.001838940976599175
15.595,-1.9700873986442016,0.30575067077754287,0.007044674831821337
15.6,-1.603607207493737,0.6763654415692725,-0.030443238175799768
15.605,-1.5732561624864394,0.6899408275029709,-0.011399853555044462
15.610000000000001,-1.3747253981974448,0.49380865813314584,-0.04154415123261057
15.615,-1.2904556800336586,0.8168461435353839,-0.06362155183011617
15.620000000000001,-1.2257570780463576,0.7865717980576032,-0.056278304704152196
15.625,-1.0234981579955595,0.8866482100081353,-0.056794505725237206
15.63,-1.019816010677447,0.7774654857142618,-0.09128563170144448
15.635,-0.8032867195778749,0.7439124031091502,-0.07920116716429475
15.64,-0.9465641463875968,0.7805506813203165,-0.061451190627914216
15.645,-0.6371689404876753,0.851950933611582,-0.08639804826099635
15.65,-0.5246238418448536,0.9690464062212054,-0.10156271287336821
15.655000000000001,-0.7878077088769492,1.0161382446599736,-0.09194362729787338
15.66,-0.634883211262076,0.976549881791815,-0.05905433480697081
15.665000000000001,-0.7987968233761602,0.9212608098583938,-0.07452101557625555
15.67,-0.8102797251855082,0.8719038987817442,-0.04799854356887741
15.675,-0.9759605653060366,1.1774427547702189,0.0006396264433541323
15.68,-0.5029318070689649,0.5852075391040857,-0.07152379095245283
15.685,-0.576876120366663,0.4631921385140418,-0.04880747174640331
15.69,-0.7111615068292071,0.8471770422815885,0.003344544740171381
15.695,-0.4151128453683207,0.29294773581502687,-0.04205248375450462
15.700000000000001,-0.8758673450670752,-0.08551805669089103,-0.06487766074309168
15.705,-0.17942238844175057,0.13893583995277292,-0.0633084937694637
15.71,-0.8618902168754409,-0.1558645688436137,-0.05091429284585419
15.715,-0.7462136092873836,0.09237999130746993,-0.020096431237824744
15.72,-0.8785504094832255,-0.041528631157518786,-0.06850228749640683
15.725,-0.7170779702211671,-0.029697869797673,-0.06775728694708608
15.73,-0.6340086736149217,0.3093939429937964,-0.07457573424038258
15.735000000000001,-0.8664632763995881,0.20583179397535994,-0.031360818470670015
15.74,-0.5054514333262186,0.28971708745317576,-0.05847252343805322
15.745000000000001,-0.8854963107944638,0.21851050711790845,-0.029517624967282483
15.75,-0.9344915150928105,0.07740794640867038,-0.0353015343920387
15.755,-1.2387962427357888,0.19198505493559678,0.01286030586323184
15.76,-0.9970970927115174,0.23255575972708026,-0.025715733636865926
15.765,-1.1381143452303761,0.03616618992678191,-0.009170703266293913
15.77,-1.2370926356524,0.23139604778273165,-0.06339547780629713
15.775,-1.2404169555763656,0.06586724757523647,-0.032028938879683624
15.780000000000001,-0.438795733604336,-0.048766587205439645,-0.07353674154688554
15.785,-0.9667810667496045,-0.06656889949569561,-0.06549690882309368
15.790000000000001,-1.0929367941305306,-0.11314957636376899,-0.012872768885449687
15.795,-0.7778190641403321,-0.3555136480668906,-0.050185484381823
15.8,-0.46967699135628965,-0.26207580087983584,-0.08016174573369264
15.805,-0.1639100582242799,-0.3154211702470619,-0.005073830853018996
15.81,0.014348758706605048,-0.5275555176818825,-0.10230349428846554
15.815,0.20621941504104074,-0.561179613598386,-0.053094628977372646
15.82,0.07153321231643323,-0.7508550861172522,-0.11532183371334417
15.825000000000001,0.40490070649412685,-0.7800131002785928,-0.08465563500683052
15.83,0.2406069326586956,-0.9056676262927654,-0.1114418181242033
15.835,0.36234645292220263,-1.0479260679807776,-0.0769387770546512
15.84,0.33929472236160946,-1.2912761874514938,-0.08736502831128268
15.845,0.2997942744392165,-0.8269377094357353,-0.10430803659148982
15.85,0.7823433437654508,-1.0393138062593532,-0.08237312138179742
15.855,0.6939483560815926,-0.9411487502623767,-0.1338659788011699
15.860000000000001,0.743839234976791,-0.8735896320798487,-0.1264254298220423
15.865,0.5345790211661045,-0.7903003032668796,-0.1281612722291951
15.870000000000001,0.6895305138241227,-0.41400625275075253,-0.19414815970162302
15.875,0.15438753395851518,-0.36962292205196173,-0.18675003811233978
15.88,0.7304737393746857,-0.46247244735715537,-0.17487592336982363
15.885,0.6074288491350583,-0.5251421901927477,-0.16506490647942837
15.89,0.7307674676155981,-0.42579714530160995,-0.14704713755050985
15.895,0.7045513933353504,-0.5147857190792919,-0.18315778712864247
15.9,0.43343000831163336,-0.563954161446791,-0.18127270251109984
15.905000000000001,0.3345061187134362,-0.49421254286970584,-0.1889931180436461
15.91,0.4983291304872616,-0.5982944018534415,-0.15546495661737564
15.915000000000001,0.7510587828119225,-0.4855718437027493,-0.16566915905284121
15.92,0.7423959624936958,-0.4732994215455795,-0.1622433438976212
15.925,0.25483158985684073,-0.40162764470339984,-0.1571488813665954
15.93,0.2810162169920239,-0.5698267650574469,-0.14320666674372254
15.935,0.278064706591375,-0.39564417399967977,-0.1722302041401812
15.94,0.3041399546807449,-0.655593506119925,-0.18107733702847992
15.945,0.05142212284535505,-0.6562842591111429,-0.1570260748485304
15.950000000000001,0.021334949907435913,-0.7050908065181318,-0.24135057752334532
15.955,0.15889158220453023,-0.8316687981568115,-0.18621420005938455
15.96,0.3924818199954546,-0.5687694159527249,-0.19812327009756178
15.965,0.19312466129654587,-0.8484905960907593,-0.1390733597558201
15.97,0.5208994341900386,-0.7700712314118996,-0.1705984034455113
15.975,0.896939414697281,-0.41063225600788694,-0.16361601327483832
15.98,0.5364946689400817,-0.543641930962868,-0.13967149123741743
15.985000000000001,0.9231001440837386,-0.33458583809560904,-0.13927970154233996
15.99,1.3387504637605938,-0.2789948900823375,-0.12138719771965473
15.995000000000001,1.1743099019263317,0.1528254809718921,-0.0972027065845393
16.0,1.267085823756252,0.31078733569192635,-0.09873197391075027
16.005,1.7396097669759916,0.42334437839169675,-0.09081059274493612
16.01,1.4991514185250276,0.4872492446415528,-0.09921683806955987
16.015,1.8434250905836829,0.47769947456865997,-0.10023017606429162
16.02,1.7133637091064264,0.41761538710857454,-0.07187300773265082
16.025,1.5371669316722913,0.3783063658571365,-0.06791795856070741
16.03,1.6810000612380243,0.6651623084758582,-0.11115423442377532
16.035,1.6014243796251013,0.5804143089617371,-0.06231921845714809
16.04,1.698237411178279,0.3709451847873129,-0.06354315181925864
16.045,1.3097032526878885,0.4805215730994848,-0.05813663107430971
16.05,1.3860404341837849,0.4478424152151766,-0.07129130152618629
16.055,1.3218625835099338,0.350255962563053,-0.05854821468858511
16.06,1.4513619940039004,0.5500823769039299,-0.015609009905602243
16.065,1.0555755002705725,0.4717636479113683,-0.06601181631353695
16.07,1.4691654502670413,0.38605397539362846,-0.0753578253866984
16.075,1.329400673245393,0.28576380180587685,-0.07947674186085042
16.080000000000002,0.921662270305149,0.2357466482864832,0.003165518503331773
16.085,1.4238330924731286,0.36213536390242507,0.0065439181318369625
16.09,1.592263853694462,0.36855283587134835,-0.056478309352926984
16.095,1.2625777731321617,0.24286665845181635,-0.05492363940651641
16.1,1.2701498760593586,0.4731417284049514,-0.05140462687340385
16.105,0.8859805679270172,0.42240961792310516,-0.023304592652587313
16.11,0.40480208714157156,0.5978226445597827,-0.09162897551391448
16.115000000000002,0.2530302635458911,0.6035419226569559,-0.11731236898664467
16.12,0.5911717373474892,0.6469542834519715,-0.02945377256952257
16.125,0.3111975419363001,0.9026356690057994,-0.0801352586565628
16.13,0.1615351890049517,0.8208601437980271,-0.0816020480363247
16.135,0.2873608030488032,1.156341835358907,-0.09905845467755131
16.14,0.40548548296038883,0.9891060393773643,-0.08260256309024457
16.145,-0.031289772239293,1.2471982688026024,-0.12589111777088224
16.15,0.21833741795505615,1.0252416791187706,-0.10539795607279724
16.155,0.6988875094922545,1.1449361103937832,-0.07778893187848156
16.16,0.2306211118492744,0.7384694512802998,-0.12823832169616578
16.165,0.7424471409676856,0.6952965872502365,-0.0780679883817408
16.17,0.5539909932444775,0.7430937971774615,-0.07726326052194515
16.175,0.869240195014196,0.7655976815812332,-0.0757584293679458
16.18,1.0681469439868523,0.7627017754679958,-0.08369123739030403
16.185,1.0519920207523095,0.47517379797747955,-0.09802635241093763
16.19,1.1212434684493036,0.6788001304904151,-0.12239185462231739
16.195,0.6858506160769505,0.33094012423278135,-0.08150667621300518
16.2,1.145073933028279,0.4731883547743549,-0.09624253450922828
16.205000000000002,0.6749894523076378,0.12227628341957697,-0.12388642462388544
16.21,0.8407261733473987,0.24087457092682188,-0.09000837613737785
16.215,0.7536581677589911,-0.22779874022763932,-0.09500811733648055
16.22,0.7069627051904791,-0.1332300245213702,-0.09221032230982364
16.225,0.5784476424259517,0.025374120313736644,-0.12218001954662558
16.23,0.2333168502595683,-0.2685570375852291,-0.04346160422206928
16.235,0.0399274527516415,-0.03726086761407985,-0.07456216569769883
16.240000000000002,0.43852064256470896,0.048345425856289134,-0.029906345330004747
16.245,0.2256392249734333,-0.1034241520541976,-0.036570932254788704
16.25,0.3721242333761469,-0.10306826816484488,-0.014476409171240478
16.255,0.06142006045699939,0.039090940530763355,0.03171780783971631
16.26,-0.28616968516738045,0.032739830763568754,0.02476449825961755
16.265,0.1564573781558702,0.19301232112264174,0.04388394846210653
16.27,-0.20299847063424878,0.22388532885154255,0.028176827313671247
16.275,-0.138794138044371,0.12624230127572134,0.031364247790488825
16.28,-0.45264942670848557,0.3233713144092935,-0.01846162371247784
16.285,-0.07984374473682625,-0.13091778086533615,0.01747643673066121
16.29,-0.7446414266989105,0.026769440417834054,0.02266479819927267
16.295,-0.761216159390346,-0.4640725230126723,0.061638730670605074
16.3,-0.7958719019589418,-0.4484707053891779,0.028537797939346066
16.305,-1.171687784245249,-0.4147495420339738,0.05636405818188215
16.31,-0.9700718819347426,-0.5187091077078703,0.0671602593011175
16.315,-0.7739451804514794,-0.8059926730693526,0.10191910462257021
16.32,-1.270092458848167,-0.7122699249062403,0.08486235197619983
16.325,-1.0954567225007494,-0.7570090096780407,0.1197761834690621
16.330000000000002,-1.747761763747692,-0.9090528781969585,0.07103101613032298
16.335,-1.1195265629503566,-0.7612337873738992,0.08108273137874844
16.34,-1.1027500839405884,-0.6040812172657284,0.07013731940971542
16.345,-1.117080555429239,-0.8228636620873501,0.14339802775821786
16.35,-0.6085010616541634,-0.8329410993414883,0.13899521666151585
16.355,-0.8058546986103289,-0.8351177188008571,0.13989062284690587
16.36,-0.6799739963944798,-1.1379630949054078,0.0969889473971302
16.365000000000002,-0.6453441943885316,-0.8466993870531792,0.09294660276090348
16.37,-0.9195280678776154,-1.0069595689926853,0.0969641475927116
16.375,-0.7238672604705363,-0.8714880071471326,0.12854379473428276
16.38,-0.2760883759648529,-0.3864260794979053,0.13127423469234797
16.385,-0.955921829412414,-0.618176191498838,0.1093363765442559
16.39,-0.7147160385496318,-0.5805285839061126,0.09986092775185443
16.395,-0.6976039406574186,-0.224583183670321,0.12655621441533593
16.4,-0.3101539971934154,-0.4613638424332764,0.09354719178784571
16.405,-0.5905160718271815,-0.37002290848163955,0.09482706834339892
16.41,-0.9419743399630742,-0.15082037978879068,0.10462294637923038
16.415,-0.6047525149948015,-0.3771103090018302,0.08671870549072609
16.42,-1.0904661856141606,-0.6855327003798946,0.10521502046570672
16.425,-0.754767820896742,-0.48262352550836013,0.0801427123415042
16.43,-1.2881101820980347,-0.7046180744656609,0.12468486418488585
16.435,-0.7903526334406366,-0.502140740142516,0.10554225695335856
16.44,-1.1255264695904925,-0.8452880413309971,0.1169311239623382
16.445,-1.2807961303141595,-0.6174034052710847,0.035404324489489616
16.45,-1.1377603025044511,-0.4868242149145104,0.10878247900275112
16.455000000000002,-1.0737130132358226,-0.8004014065391681,0.019671028029106457
16.46,-1.2932964936497189,-0.6324141138986608,0.023140533040529484
16.465,-1.1373131063431596,-0.4670355223569896,0.034375356850467796
16.47,-1.458450437478327,-0.5603734074121249,0.08045013292532784
16.475,-1.285992452728491,-0.32610195861171837,0.05900237492511321
16.48,-1.4079505748401937,-0.3288957166753158,0.05434278908813445
16.485,-1.5912731963456905,-0.27011880866351556,0.04942144956682734
16.490000000000002,-1.732539883148019,-0.16630986230216055,0.04429168460682679
16.495,-1.642851149987912,-0.09268454510925962,0.11116421069389062
16.5,-1.5654956134515898,0.005197237126420598,0.11014640899326154
16.505,-1.2176482842685585,-0.00010653912904277464,0.12796683227855224
16.51,-1.3978114003776998,0.12398910912226864,0.10816669821437173
16.515,-1.297976142189275,0.31262537987325373,0.03737265024082699
16.52,-0.726730696720367,0.44856950927970224,0.06872431573459443
16.525,-1.1339079512662562,0.5040052497666244,0.10634485387037394
16.53,-0.985487711809762,0.6951923313884861,0.08426019485319676
16.535,-0.7797478502870621,0.440283792834211,0.07815219059263173
16.54,-0.9920318716885128,0.597702122268615,0.06546873664764397
16.545,-0.7321155931178694,0.6254334435628962,0.11598453705533834
16.55,-0.6269477392123035,0.4760298449923946,0.1097145978336338
16.555,-0.2875670652265592,0.7387860686222604,0.118736265888988
16.56,-0.39710425126573745,0.4209659715481546,0.10243921820825667
16.565,-0.29098892836083284,0.36513658342745386,0.13326200934937038
16.57,-0.07216581502016041,0.22017164182910742,0.11024260372044598
16.575,-0.12193310665633847,0.2686376194010914,0.15048341042919527
16.580000000000002,-0.3543571782715652,0.11884396591222031,0.10471825492005506
16.585,-0.48158597058559244,0.3180603825216836,0.13519042446663532
16.59,-0.113809929823639,0.28533223990569684,0.16936987054687214
16.595,-0.20226872620321976,0.4652919352871,0.23434726761566213
16.6,-0.7121003590170425,0.22997342665406606,0.1353100625146016
16.605,-0.42713812473647766,0.5075680221351733,0.14464409682520446
16.61,-0.3062040769826944,0.9320966308969421,0.17345950813113295
16.615000000000002,-0.14954603525260238,0.8843477927034867,0.20373635911165655
16.62,-0.09304242774088685,0.9804440086572515,0.16122886666939798
16.625,-0.20047721081819073,1.0094517594833483,0.1683005661631661
16.63,-0.1171556405978999,0.9275007993320435,0.14108830500346792
16.635,-0.22077609455040959,0.7930462145838857,0.13624144948157382
16.64,-0.3847497065417406,0.7430029029066498,0.15130480636302357
16.645,-0.31786375104776576,1.0894258119400626,0.1366577244471326
16.65,-0.29236054338565814,0.975493488411724,0.17250428810161017
16.655,-0.347431972958726,1.3467967082336219,0.12120692179487785
16.66,-0.789640049755697,0.9519727238766895,0.18179747026022158
16.665,-0.5155027574879749,1.2589876516141085,0.1619224135175247
16.67,-0.4507253903097121,0.8993327849734833,0.1532683392913999
16.675,-0.5358423120736268,1.0123046382245746,0.11399872819530633
16.68,-0.5160475426644255,0.932969644218743,0.12062628622444885
16.685,-0.3166727091194212,0.39765732722928276,0.16006068849264457
16.69,-0.5763158653959127,0.31457892424493183,0.11356570834524433
16.695,-0.5869888456804143,0.08801945445206158,0.11047422574182143
16.7,-0.17895372271354004,-0.06437169215892062,0.06897759002039842
16.705000000000002,0.21570135288217468,0.11418359638317685,0.0756984862277644
16.71,0.5845196072257643,-0.05531522713533402,0.03309336572530879
16.715,0.568284633573163,-0.028364144879669408,0.059066759384640496
16.72,0.26078132177975616,0.06660209458960163,0.0597684735579274
16.725,0.6843087084126334,-0.2294956531059564,0.05565906453409125
16.73,0.9277826463559439,0.26395446204420364,0.02623106115956495
16.735,1.0239663663669245,0.07680023497085939,0.040018291075336256
16.740000000000002,1.1853169111383346,0.2276198161333651,0.06168428537081392
16.745,0.9295124202612867,0.24469652401326922,0.04468999903505375
16.75,1.1674552326896541,0.3332512389383429,0.04207900204798576
16.755,1.249428603524645,0.0910408945831666,0.0905895434488971
16.76,1.3258243159243515,-0.2371824223563047,0.018701604083913123
16.765,0.9578987915971664,0.025227638496273002,0.059145739611474
16.77,1.0334309081408346,0.0057573290930081405,-0.0019676805676583763
16.775,0.5097063272592617,-0.1997724814727524,0.0308067316891224
16.78,0.9404171001530971,-0.05785618912406923,0.02257097099320251
16.785,0.9558649334116115,-0.15289643387109733,-0.014312848491237287
16.79,0.8532561336739848,-0.32174213940971175,-0.03714568446227786
16.795,1.1155096610014568,-0.08452156814126072,-0.05827336153941145
16.8,1.0799006760146186,-0.32883328702166487,-0.026859613949503893
16.805,0.6189193656874581,-0.403871391186136,0.002701588271015057
16.81,1.1490327848663602,-0.5341084257491433,-0.029263390593998073
16.815,0.8948318246343676,-0.434641869437448,0.005898835921644726
16.82,1.1714150843374331,-0.7596249978216937,-0.022217466435815045
16.825,0.7523019181107791,-0.8779101365494469,0.015632352372584906
16.830000000000002,0.9746851879019472,-1.061231899180428,0.001957959289679744
16.835,0.8374887909458896,-1.006247678812972,0.03280948505636838
16.84,0.8847257468108818,-0.908403506903565,0.026224632840645416
16.845,0.7679738204558882,-0.9880146921642383,0.010696334793030053
16.85,0.6151554139174391,-0.9225071919884033,0.021214905137616986
16.855,0.2847012064371405,-0.8443053116500594,0.010805177292147706
16.86,0.2620656618307279,-1.0198479792063204,-0.0032949478025858245
16.865000000000002,0.44469430964399065,-0.844944439076337,0.04733602270333486
16.87,0.5898802877321704,-0.6605198141557653,0.008691387024844795
16.875,0.5150132434010101,-0.6672790260685255,-0.037814436613291855
16.88,0.8600383771410977,-0.6751437736440035,-0.0021251674709869967
16.885,0.7722869059408117,-0.7738586918863212,0.03491233532470497
16.89,0.7475511878802819,-0.7028389417904033,-0.001161707516425385
16.895,1.0234279799342891,-0.56134196261196,0.05660433924162679
16.9,1.258443802980455,-0.5469288815949639,0.007179139489538726
16.905,1.396044318727149,-0.6536401934897051,0.04463615930043661
16.91,1.8250700410027112,-0.5249929886581105,0.061563972965456314
16.915,1.3535839596769121,-0.582271697160371,0.05015240131820616
16.92,1.5239528118559404,-0.3483753071514116,0.006896667019850578
16.925,1.643827582312804,-0.5093863269687883,0.013255528473365629
16.93,1.5326219985198555,-0.3844223097575732,0.05571381840128994
16.935,1.3908947811653989,-0.4670900273689092,-0.0004553793317426537
16.94,1.1081730576626951,-0.7254618193823612,0.02913800363984059
16.945,1.2585006015003881,-0.5883342344025428,-0.017138605187396898
16.95,1.0613395087646973,-0.8045476728817551,-0.01727119559944437
16.955000000000002,0.8453427802377295,-0.6951758084345535,-0.065721400758084
16.96,0.9725066091336783,-0.8145817521994296,-0.05846016644699861
16.965,0.855227914871209,-0.6505769969410071,-0.07338254233223003
16.97,1.1483615519222186,-0.8403108938473661,-0.053755955184164185
16.975,1.1043311079247722,-0.5377183360311754,-0.060671801612178146
16.98,0.7394492226693468,-0.2868592703818939,-0.054002458623164384
16.985,0.8328452259427053,-0.015931656171109566,-0.07726650463433407
16.990000000000002,0.44245015382044556,-0.002528707387863427,-0.08839452552882865
16.995,0.6742476803379236,0.3423728137229271,-0.06399396910764166
17.0,0.7918609606171138,0.5462649620230949,-0.09571429287637417
17.005,0.793919531374939,0.8416938487972415,-0.051885943372849457
17.01,0.36102418564817773,0.4442397375307885,-0.08782002046441938
17.015,0.6197111352434842,0.5031341812855644,-0.10305787847268646
17.02,-0.055255993111895385,0.9824743309058304,-0.09664133536772589
17.025,-0.12752079713208253,0.5024599724142939,-0.1222467124094418
17.03,0.1657515730744183,0.23728835242132015,-0.17221532189939762
17.035,0.25937337564450647,0.39801487317409107,-0.17002420467553223
17.04,-0.08322163824082875,0.08076777674660658,-0.13005538697511823
17.045,-0.2618239342471605,0.5094982620712062,-0.15965962368453818
17.05,-0.7557643649843857,0.6044202133701561,-0.20450352032555438
17.055,-0.7206344839354962,0.3808056583979163,-0.15701222274270937
17.06,-0.23205093923604864,0.4587041292510027,-0.1754912062113578
17.065,-0.27981937010526337,0.6605060858712357,-0.17767517715832354
17.07,-0.3625494107566751,0.27362780206964066,-0.1773971779013831
17.075,-0.02325780508491756,0.3079707858060294,-0.12017406036083317
17.080000000000002,0.07975368244983176,0.4240009257365646,-0.1832757770479714
17.085,0.34303321998398334,0.30844941597683,-0.15196781197128462
17.09,0.24221531174870506,0.3391281508253498,-0.12667189801967962
17.095,0.5253283452671761,0.18811789682916,-0.0918728839946205
17.1,0.288730744429618,0.4116310834394389,-0.11726694038367504
17.105,0.25810559923700055,0.41061468832102654,-0.15296521952265543
17.11,0.4780629167163125,0.5939192881046853,-0.10095237582270826
17.115000000000002,-0.014220391085675204,0.6575663537142746,-0.17190770020074359
17.12,0.7197755773364325,0.7870233014150507,-0.13616014543810445
17.125,0.11055395469882735,0.6827066170882229,-0.13114955668578698
17.13,0.016995218784596776,1.0682504506909267,-0.16083849616289625
17.135,-0.046696003139658826,1.0336795186251149,-0.11869103718226455
17.14,0.1529761142997126,1.0977088474033123,-0.1392621750530762
17.145,-0.15831181778137404,1.2655251879563516,-0.10103397294715458
17.150000000000002,-0.7391856815341741,0.9715457100943837,-0.14922211559573206
17.155,-0.15610073334454408,1.1856190669442161,-0.08686006558885169
17.16,-0.5800515866791107,1.1002808574871394,-0.09376724702832877
17.165,-0.5325973083264159,0.8969214204172747,-0.04842602433914693
17.17,-0.8781229764487558,0.5511937179236954,-0.07023123824255093
17.175,-0.5486565713705112,0.2924857076502677,-0.03684339341442302
17.18,-0.866387861526981,0.6798598680312137,-0.05424189435607337
17.185,-0.7855432714742436,0.4850423853879711,-0.07195457758299156
17.19,-0.9610926852613384,0.3147555563816304,-0.05550928331651787
17.195,-0.5955516812709725,0.5371699134087602,-0.06160693835958804
17.2,-0.6980452940707971,0.1968964664466134,-0.07564534527535469
17.205000000000002,-1.228939292593885,0.195287748254122,-0.14614675130224508
17.21,-1.338753468255559,0.2556297448005972,-0.1196756141921506
17.215,-1.5336275601436666,-0.054709531676311804,-0.06636623081462696
17.22,-1.2995893746463312,0.009418565306676396,-0.12806776020132454
17.225,-1.6611579513132613,0.1131047892235303,-0.07578800383896661
17.23,-1.7047882756385424,-0.05382525994787254,-0.07620825890718669
17.235,-1.3959822922440834,0.07837857489219024,-0.10535665593746749
17.240000000000002,-1.6761155496555018,0.08035953682874435,-0.13095985668401858
17.245,-1.4950281751571708,-0.031676541898304655,-0.09465509626600066
17.25,-1.7252852067333673,-0.2958467899869,-0.03182810490905543
17.255,-1.1209498416944605,-0.04992586340611585,-0.102533241498435
17.26,-0.732205514696864,0.27644879046156595,-0.10559909858981269
17.265,-0.8689164991888969,-0.011217640857118771,-0.11775589760919146
17.27,-0.5973238240114054,0.16345186353932295,-0.07551359673130613
17.275000000000002,-0.994135790148818,0.21707796685582734,-0.12058147724708794
17.28,-0.6905526466551412,0.2945080543586716,-0.14079415620081262
17.285,-0.8960951220116875,-0.11056802688990185,-0.10349573492363719
17.29,-0.7238600437768292,-0.26003591262266273,-0.131720795701569
17.295,-0.515356259220323,-0.3247102206155563,-0.17295313608923277
17.3,-0.6834885772558902,-0.40926980966417376,-0.18317843558975822
17.305,-1.0459646715332716,-0.6032383340885145,-0.1273749941599076
17.31,-1.0718428577513257,-0.5302788490012378,-0.15127631766428098
17.315,-1.133572825941244,-0.8593935276512857,-0.1829386245775549
17.32,-0.7766530801319597,-0.7735667393536362,-0.18210156334686065
17.325,-0.4747896138892271,-0.7536216677934652,-0.15984157242732167
17.330000000000002,-0.647050464713109,-0.8893624152296449,-0.15674024822856975
17.335,-1.3538008105644679,-0.729696656866537,-0.17107303635557697
17.34,-0.6476820980405682,-0.8455896811807332,-0.14628381964248682
17.345,-0.7473536481075866,-0.7781646774714601,-0.14153423607124685
17.35,-1.2723125767302967,-0.8854069935304996,-0.13219071796078427
17.355,-1.006497079874019,-0.8768013047797651,-0.08434717453352338
17.36,-0.7159103754826285,-1.0211808789798917,-0.13335902147303463
17.365000000000002,-0.8522853684054107,-1.000466348346552,-0.1336254111671866
17.37,-1.28288176866157,-0.69108706643502,-0.11885908040296339
17.375,-0.91985114553039,-0.6987783299816134,-0.13507784589651098
17.38,-1.563433605132474,-0.8353125038733712,-0.11593503396638448
17.385,-1.216953889793661,-0.5569898404993423,-0.11133903408371568
17.39,-0.9873030629768086,-0.8107713350934929,-0.10460806464991801
17.395,-1.2780518414033335,-0.4679223559997015,-0.029734815984721347
17.400000000000002,-1.4234277496662568,-0.19234762535065175,-0.058559735225608
17.405,-1.1381273386767303,-0.3246011029538127,-0.08994913611968654
17.41,-1.1014322672143018,-0.31024518348157376,-0.04108748090501321
17.415,-0.978540304004266,-0.808272159080474,-0.054893127069208986
17.42,-0.9866464568503878,-0.520723367336306,-0.014721662902258587
17.425,-0.8261134805344275,-0.5116176987686933,-0.048919505400969794
17.43,-0.7575190714013278,-0.5831606921836272,-0.03699865923687906
17.435,-0.6947633135573997,-0.5835340172146497,0.00013786335765737372
17.44,-0.5589659472469385,-0.7894850794327648,0.016679667085840736
17.445,-0.4539507615163726,-0.7889128788544222,0.00526541978701949
17.45,-0.49522933008375564,-0.9248452288060944,0.013597404017397115
17.455000000000002,-0.2896622288108859,-0.7092935897497544,0.0033019401509564385
17.46,-0.017847828411935256,-0.7829909516929171,0.0011611997370794976
17.465,0.19531909723140195,-0.7822511431268454,-0.009999526795827602
17.47,0.5246821965951068,-0.5924846808735388,0.02774658047039588
17.475,0.25474935321055037,-0.15156108479724942,0.04159086180056538
17.48,0.5011530757546137,-0.33532842790743406,0.026365376260000663
17.485,0.5227763563686664,-0.2045886463455474,0.035875139454312824
17.490000000000002,0.23701628257885804,-0.2455803968630602,0.08616055130045108
17.495,0.40263214244994117,-0.35509215134186894,0.05716623018876448
17.5,0.21432133985897286,0.11403703267771172,0.06578552423801372
17.505,0.5452101782323393,-0.2218603456491878,0.07871661010147549
17.51,0.4044339724548283,0.12404253275626591,0.06517413658706729
17.515,0.03013885579541587,0.32164180660551106,0.04519306490833776
17.52,0.34277498262023964,0.4873633489343135,0.06755526078101522
17.525000000000002,0.6895194788542722,0.4634675404150014,0.050251686025815624
17.53,0.3294211719338277,0.39049015894142614,0.08593988907745377
17.535,0.48993395054439975,0.5831520198756572,0.05313652009716422
17.54,0.5281608397881978,0.5951240536367247,0.013845394582138789
17.545,0.19472029035926275,0.5559258009798974,0.04002086448359282
17.55,0.5140746202517402,0.7334140105860177,0.027800832800807553
17.555,0.0810931400742223,0.3381166913911152,0.05149237191870444
17.56,0.20509177618510852,0.46072810132817704,0.011071722380905239
17.565,0.5189764522282148,0.36253301669606425,0.03199261827360619
17.57,0.3130384341027862,0.4236472726237089,0.030300929750708274
17.575,0.12355899026116517,0.2520976866503077,0.03890988781065916
17.580000000000002,0.24746879455348736,0.40162734019917423,0.0206674335043195
17.585,0.12237235751746596,0.3177216850710177,0.056939327475909705
17.59,0.14652465906543702,0.4786199187361539,0.053007915176868974
17.595,0.3225230807147055,0.2925625097450199,0.07069790799851047
17.6,0.09711078404758211,0.21892901668912695,0.03561449696057289
17.605,0.36148867450122985,0.7197629136069643,0.019953296056934446
17.61,0.4133435718041641,0.7865399646498219,0.04121697689402786
17.615000000000002,0.2889567616691999,0.8343282043996362,-0.0023319308785094556
17.62,0.5904396556112481,0.7205513510808546,0.03667083152895218
17.625,1.2839854434866802,1.0238279585657488,0.033953706541678355
17.63,1.1871015414859072,0.7678327665651914,0.038355374559062905
17.635,0.9628711751033883,0.9161937631946001,0.021313970818980545
17.64,1.0345366529855906,0.9730039702505258,0.007849794662284063
17.645,1.4298922414510256,1.1700438781403457,0.03124086040112859
17.650000000000002,1.847792477148188,0.9217104478303796,0.04891948755878372
17.655,1.5059655605642852,0.9032225518176509,0.039132942670772955
17.66,1.8294506271405584,0.7922790159584235,0.0955550332158445
17.665,1.60845322125885,1.199717571170518,0.08885411585501399
17.67,1.6011931085335436,0.9808256969613015,0.0633949598002681
17.675,1.1739028936369287,0.887854817770918,0.13505249296202307
17.68,1.615095573516568,1.1331087208245323,0.09743555486868316
17.685,1.3023817184209254,0.5876460826939075,0.07156789252553913
17.69,1.5236005515344178,0.19938392740889624,0.07824331758830602
17.695,1.1393426603904198,0.2059983787915656,0.13234067377518952
17.7,1.3324228121313333,-0.028408696896053187,0.14030742540743094
17.705000000000002,1.356561367486777,-0.03562837909915186,0.12246131356053033
17.71,1.236652670806686,-0.08434376792036641,0.13290515411208362
17.715,1.3404383291721766,-0.11848100425449125,0.13607636252981878
17.72,1.1732633430560424,-0.20816693722814528,0.12868734467825338
17.725,1.0548000057318272,0.25673773587217125,0.13361317197598546
17.73,1.4835059946708966,0.12471555561865805,0.15037862645567485
17.735,1.295455801854662,0.09422375666711809,0.16746015714189869
17.740000000000002,0.8244058428973071,0.2593650505287333,0.14494450649133708
17.745,1.011435114704376,0.22360521320671192,0.1900993567110617
17.75,0.628436113234592,0.17890508453873352,0.21538261354671184
17.755,0.43156113196839013,0.20236452171388575,0.18160681608027707
17.76,0.8110015422940946,0.08100380117179781,0.18097155392187617
17.765,0.1486903261449408,0.11163817035061514,0.19806030646881473
17.77,0.6553797802779439,0.08361433028042621,0.16744606811558438
17.775000000000002,0.376831299379393,-0.031068058093790485,0.1455222796881419
17.78,0.3897235892210654,-0.10970657325189423,0.19585628488854173
17.785,0.5573359298504087,0.11368311940434028,0.15095936525945053
17.79,0.657023526743563,-0.19984830950279123,0.15539866507688496
17.795,0.44236921264123474,-0.12400940647187665,0.13576486784675112
17.8,0.8729168256560207,-0.19104388184317894,0.17712909456283646
17.805,0.851169251416714,-0.43250774810791065,0.16652230416629724
17.81,0.6629934453356483,-0.5827676612877376,0.14205193546900916
17.815,0.9868399838976564,-0.658644940859827,0.12240951492100507
17.82,1.3900824505250142,-0.823232116342473,0.14461258665842122
17.825,1.4996806582337001,-1.0945701084400525,0.16815535586695993
17.830000000000002,1.3126549388929838,-1.090950729859054,0.15972280283034182
17.835,0.8937833640333854,-1.0339630094654388,0.15605399540032713
17.84,1.2135410429575435,-0.9201544515254216,0.15388246751825554
17.845,1.228287001799074,-1.0011884464988117,0.15925751279616732
17.85,1.1221786028477205,-1.385698432633174,0.13048972441039555
17.855,1.0448882262021066,-0.8393619892082457,0.13006387294362795
17.86,0.8611020437821691,-0.903981038165238,0.08344205439069581
17.865000000000002,0.6763897034930749,-0.6576047917259114,0.1534570483825561
17.87,0.4767533757094627,-0.6336207764116119,0.07519266812781433
17.875,0.125220459818914,-0.5921321978961613,0.07687333369631394
17.88,0.535856279284266,-0.5395153250198431,0.07837931054433905
17.885,0.4436771607620986,-0.5131514497992122,0.05157370113362772
17.89,0.4677321573433068,-0.3235739131473783,0.060486478593746784
17.895,0.007561656334160348,-0.5279577379332118,0.061903873767704905
17.900000000000002,0.36970708026028504,-0.3841464218643318,0.04415279778963211
17.905,0.5995894268998273,-0.409393793165435,0.08030449642550729
17.91,0.09342265241579087,-0.4421022673338917,0.03577697425808559
17.915,-0.035928533547835734,-0.7729356356339852,0.11880642442347938
17.92,-0.07084798890728736,-0.34470249672388675,0.09792621920550962
17.925,0.17116278874181243,-0.5511439342572428,0.09376337165625175
17.93,-0.6137509707689083,-0.38168863576088236,0.03535753864501151
17.935,-0.48435570561607494,-0.6328025484309373,0.05284340509389854
17.94,-0.8223676483535987,-0.694882793544603,0.0981089883410027
17.945,-0.87443728040738,-0.29702997347331755,0.15663432967745058
17.95,-0.8461834966368957,-0.7654220600432772,0.08188053840936704
17.955000000000002,-0.5873234883499653,-0.51903762417147,0.07428821344519342
17.96,-0.48079048786502054,-0.695228286729573,0.06077081432096408
17.965,-0.7018351999414097,-0.7711230891801961,0.02994168954749887
17.97,-0.7469383158183248,-0.6778829876458004,0.07736833705825047
17.975,0.05751307676749818,-0.770950203616706,0.035198982178386316
17.98,-0.32585280360968655,-0.46516156130356334,0.04159868030854949
17.985,-0.0941344842045254,-0.4606720118705069,0.05020235054946025
17.990000000000002,-0.10194365995840816,-0.19209227933579448,0.1130141468616231
17.995,0.7723329100366869,0.1658412218277472,0.09791690375310785
18.0,0.7953311520111169,0.22727291422641954,0.10875161941538386
18.005,1.1206493897788787,0.11029629983584474,0.11049166100882592
18.01,0.2300746249136705,0.5314990831587975,0.08593885812416485
18.015,0.6877566819200622,0.4663270419500951,0.0950805452380695
18.02,0.19944119180302128,0.4151054112852247,0.09218898233644285
18.025000000000002,0.15241708322088232,0.5984074632667155,0.0679039885851142
18.03,-0.5650887791088558,0.4597943119622792,0.08219824373006646
18.035,-0.07058329036613324,0.30833106756911566,0.06194994922505482
18.04,-0.3590150329020213,0.7290942826058755,0.09506620142204661
18.045,-0.6512210579589583,0.4724710903495881,0.09296582372928207
18.05,-0.5972420588650407,0.47867059298467024,0.04521055034612334
18.055,-0.969870629185061,0.45217173685470413,0.0686867858877993
18.06,-0.984787103312302,0.6913503379033968,0.12097516614252077
18.065,-1.0016075107571019,0.4563466133927466,0.05746133898166815
18.07,-1.3310797934272078,0.3025539828584474,0.09351583275986143
18.075,-0.7809310026957699,0.39858133160722814,0.08823478704735843
18.080000000000002,-0.7413620434933295,0.6431498438612602,0.11178848064930529
18.085,-1.182785383500556,0.5317670001999855,0.09094242890855755
18.09,-1.006695245034914,0.3446039140549964,0.06866872796430513
18.095,-1.1986358475232037,0.5597821155999513,0.07188189632494678
18.1,-1.1462245850637605,0.4868416633087147,0.06084111959403071
18.105,-1.4361142508013598,0.39407428664420996,0.043103857511231906
18.11,-1.5840106913554335,0.49313177871033315,-0.0007238569585842676
18.115000000000002,-1.265586656744264,0.6757363175200157,0.04387819399212641
18.12,-1.592596385826302,0.6406444170037412,0.025073788207670065
18.125,-1.2223862194595032,0.8871866883821027,-0.037335868372350395
18.13,-1.6978240195469556,1.042306145081219,-0.030507052442518386
18.135,-1.9313434763932402,0.8425484065108378,-0.03657886509272111
18.14,-1.4655225989680087,1.0945063663890464,-0.06352791104333991
18.145,-1.5522877978176417,1.0750676753294868,-0.08298707095097903
18.150000000000002,-1.4578694563016892,1.2178419582990339,-0.05618865879149006
18.155,-1.2551301024101056,0.7352140830989716,-0.04935143388363777
18.16,-1.5210867084026956,0.842923817287568,-0.07555340776008602
18.165,-1.2656556469083753,0.7229232959363293,-0.039601932108585675
18.17,-1.1252800938124283,0.8247182528439922,-0.020295887898714254
18.175,-1.2172787454239602,0.5944882181574177,-0.03379124904922308
18.18,-0.8628116116871459,0.7809517245562396,-0.06465522440496663
18.185,-0.4050855481926238,0.562677104188445,-0.11477464274146713
18.19,-0.5476364802900946,0.36196745222512905,-0.06598419947291558
18.195,-0.8203493689727992,0.40554387979979317,-0.09056372480223925
18.2,-0.8265504272523049,0.2684230156887223,-0.09442641423494619
18.205000000000002,-0.12461557992848946,0.3761937480034339,-0.06752611260677903
18.21,-0.5041473098265082,-0.00611153702413866,-0.1380273032345057
18.215,-0.6412824025744388,-0.013849546216387542,-0.18868733407858637
18.22,-0.58642359314118,0.08907474252127909,-0.14533495217155387
18.225,-0.8682775218016677,0.13236015030442105,-0.10549546696820657
18.23,-0.2688956415018095,-0.3939289347004246,-0.10998567925864883
18.235,-0.6671340484042598,0.09628450510804798,-0.13122737343210558
18.240000000000002,-0.2910192808772365,-0.09916327979331563,-0.12758923098510175
18.245,-0.5609395389265761,-0.29828386918421473,-0.09472734059620048
18.25,-0.24766578919086985,-0.38957115986632607,-0.10913165125296347
18.255,-0.4745152488268235,-0.10963073828552118,-0.06339490593030611
18.26,-0.3242232213169135,0.166085891827724,-0.08333508257938635
18.265,-0.3354739880439761,0.19798975307040717,-0.08892330459007827
18.27,-0.3485727337891671,0.29874088583263425,-0.09455376423251449
18.275000000000002,-0.41316055743414615,0.09192621411816179,-0.07450260407728944
18.28,-0.5573533485918994,-0.06878503804555544,-0.08395088490137537
18.285,-0.13246760974220767,-0.0877448596288664,-0.08394857819761378
18.29,-0.7787595452654312,-0.16460452219505647,-0.08675558028255644
18.295,-0.633006394285059,-0.28479289509689687,-0.0928606924006114
18.3,-0.6775407277608335,-0.5699543749701892,-0.11311193761673656
18.305,-0.631945792414929,-0.4544470190753652,-0.10133495276188823
18.31,-0.8292640866755754,-0.7657453491854744,-0.08675453802720264
18.315,-0.665914425974291,-0.8693402858280485,-0.021113870572676156
18.32,-0.7351975826779332,-0.8669480537662422,-0.09270312306877793
18.325,-0.9705492597231478,-0.6648808579915562,-0.0632524837683798
18.330000000000002,-0.5320432985173685,-0.8516694615552164,-0.04518559241462427
18.335,-0.6403144679072277,-0.945932824949351,-0.051192328294312896
18.34,-0.622315730526163,-0.7360568956121001,-0.018621747230486218
18.345,-0.05244935117081379,-0.5873432158376765,-0.05394884326292848
18.35,0.20117448150260756,-0.8832113284559895,-0.05819563863188341
18.355,0.38691183680397284,-0.7559524904682743,-0.042048897827245975
18.36,0.5625751360583656,-0.7860238042172112,-0.028730479526367397
18.365000000000002,0.17761908686518246,-0.9969242063168805,-0.04874889047675801
18.37,0.42378589999664273,-0.8599018056819926,-0.09501108451808722
18.375,1.231657713496884,-0.9691124082577993,-0.1016670299045141
18.38,0.6540347066170878,-0.720018907972792,-0.10604418600842734
18.385,1.047833510719276,-0.6707374311670676,-0.10792994194499939
18.39,0.7874165835703838,-0.5329905952476682,-0.13310562985987834
18.395,0.9499875870589183,-0.4927217465969352,-0.09127070712698591
18.400000000000002,0.7856476499691235,-0.36826050017412393,-0.10709568936924661
18.405,1.024033380821876,-0.23194904492241228,-0.11139622296033526
18.41,0.9181394246623308,-0.3437054053511072,-0.13917739807886823
18.415,0.7839152960361248,-0.6459061049380858,-0.10852970694746891
18.42,0.6545476750054822,-0.5705980013710232,-0.15710454461856418
18.425,0.9438393586930192,-0.7734412199442744,-0.13168672905305637
18.43,0.6430245507504345,-0.6143411906823908,-0.13905248712177795
18.435,1.01213816796359,-0.6482316946552347,-0.1290285761773494
18.44,1.4997538743802066,-0.7236926189814111,-0.1029546407390572
18.445,1.2397262970891514,-0.8765432246849878,-0.14519951257072924
18.45,1.1066811765667202,-0.7023022098010929,-0.13557811799197203
18.455000000000002,0.9226364724335621,-0.7467266974861506,-0.16356276922879676
18.46,0.49841587381875185,-0.7656058388831102,-0.1589039350294621
18.465,0.5852678279638431,-0.41724014004868926,-0.1451847520796075
18.47,1.0829771850200094,-0.3242432990151223,-0.20590779785298627
18.475,0.5732585938559043,-0.23045879776433395,-0.2043733613521803
18.48,0.5226414308573072,-0.3829367819423113,-0.16438737592832434
18.485,0.5715191652079106,-0.06935713867165509,-0.1727386928709544
18.490000000000002,0.3279278202475038,-0.24277368246157532,-0.1593393371154781
18.495,0.26058286601560804,-0.010623086955098962,-0.1624379324252649
18.5,0.5054755876358202,-0.08990934380816405,-0.1638505816558236
18.505,0.34959835752607604,0.05272466354172479,-0.10699730680350164
18.51,0.4364476188131988,-0.1390090992252942,-0.16790946318429284
18.515,0.5121004778631542,0.2867871416053135,-0.12530490708553768
18.52,0.8997642331736013,0.4677161116864099,-0.12995215714273478
18.525000000000002,0.8666562643766751,0.5080643336603804,-0.18095012587509135
18.53,1.0161251060721337,0.8970559604928768,-0.1651254084004488
18.535,1.3204620722514153,0.5322194985837327,-0.16188014646732649
18.54,1.292947968033999,0.6212231927290182,-0.13193038675973004
18.545,1.3770632725454002,0.5373526192070983,-0.14998494855069275
18.55,1.626272525868914,0.5172325096479166,-0.1367186018794269
18.555,1.7296216312069201,0.6545331990658284,-0.15930596986558956
18.56,1.5866492385830095,0.6266239675746151,-0.05867411840379599
18.565,1.637044701116109,0.24145140058051928,-0.09775796694582213
18.57,1.4287816571357885,0.1863770701886487,-0.0732755971611423
18.575,1.366957982183735,0.10777376782780304,-0.08351677171972928
18.580000000000002,1.6554463491070446,0.47423411619258893,-0.07343232860089975
18.585,1.519200262627568,0.4999910422326721,-0.0029116952755851235
18.59,1.4530408012905744,0.4024586043601953,-0.08502416798879592
18.595,1.3512396102133715,0.3076209950287825,-0.02908687363811468
18.6,1.2437619466973675,0.4066092645492537,-0.06236313239287916
18.605,1.3336186863902242,0.6905996084339349,-0.04420052826130871
18.61,1.3432548625433867,0.8031929102969664,-0.05192989454849487
18.615000000000002,1.3017174717036446,0.47610395649620835,-0.06291850631540141
18.62,1.0499802754600127,0.7492502814540581,-0.04141535385247304
18.625,1.3276315383854804,1.0419493546663947,-0.10353109770205449
18.63,1.031367149115384,0.8019926274713771,-0.050003393919331965
18.635,1.0554765881618722,1.0668265590265489,-0.04177569805597536
18.64,0.9028995119460187,0.9806725984518356,-0.06645425615296637
18.645,0.8013329374106344,0.7749813100469872,0.007505726648269063
18.650000000000002,0.48291201787605026,0.9251435534874793,-0.03430196942661401
18.655,0.6703809924862588,0.9771463227202536,-0.018443921658635305
18.66,1.003981944627662,0.8691816121319903,-0.020315398593493017
18.665,0.19515807088833104,0.844229300238364,-0.0038835387207496117
18.67,0.17924466183063734,1.1337979308331625,0.030487163215546335
18.675,-0.02410845387470702,0.6862486470569586,0.05657955499073626
18.68,-0.10128551370439541,0.8458315966966037,0.011935230481474183
18.685,0.29373805169057254,0.4803148061240811,0.013179414050012377
18.69,-0.18663032415240277,0.37932175958771647,0.019271993323615802
18.695,-0.11996091998634033,0.31279672262887653,-0.024605361552832706
18.7,-0.3053981883225132,0.02461694259094019,-0.0029506732029903598
18.705000000000002,-0.05384464193936117,0.10020745283657617,-0.029208037294088506
18.71,-0.16798077015151267,-0.31602950175148614,-0.050302215990078836
18.715,0.42570099393767935,0.026228390680520346,-0.04865946604111431
18.72,0.978574346236905,-0.35971424051768386,-0.09978112437515803
18.725,0.38000755146750503,0.0003155566169629852,-0.047759538272198705
18.73,0.15956403838936664,0.20299390197051786,-0.08599454443702378
18.735,0.7389627987310832,0.21370958673344762,-0.08168809620564493
18.740000000000002,0.39493284309374066,-0.03041803851444527,-0.032391532950178416
18.745,0.8023265808563871,-0.0076424135812195905,-0.05676979691825954
18.75,0.4138050728641852,0.04298608779890338,-0.02593171237585401
18.755,0.2669124658817562,0.1320652738333731,-0.019534255964911058
18.76,0.2763912829595048,-0.22425746031165797,-0.017683904335698754
18.765,0.3803330606139048,0.015312217311968296,-0.04441031327729648
18.77,0.0724789275107422,0.02136275649276638,-0.005035329438815418
18.775000000000002,-0.07866124162021346,-0.0938936861382588,-0.031839799272987745
18.78,-0.10072613042996215,-0.004604115734771868,-0.02293305108236916
18.785,-0.4053044551098485,-0.07048177745899317,-0.06363468300740312
18.79,-0.11456336035054875,-0.20883373068762334,-0.04004124096082442
18.795,-0.6381746004009964,-0.45205179483599284,-0.007620104840111275
18.8,-0.40477591801168394,-0.23057739018214174,-0.004881004417796642
18.805,-0.20145240715614518,-0.4809237146187208,-0.03739397651149105
18.81,-0.3577616009856828,-0.5504243775322252,-0.01983346503807338
18.815,-0.3651148969851467,-0.5412437948880388,-0.01649699028109109
18.82,-0.5866101348978372,-0.5540967249383462,0.006084984677051458
18.825,-0.41891524398854096,-0.8944228664988757,0.00349382371265548
18.830000000000002,-0.5804837310772288,-0.9210369803114772,0.04678888633978064
18.835,-0.8021317336308647,-1.275072424237447,0.07670075012566048
18.84,-0.8238755178701324,-1.0639742535291101,0.05282549283855269
18.845,-0.984334603938876,-1.0877685918112954,0.07570389848337103
18.85,-1.3513537082326055,-0.846065925999895,0.07670254483895897
18.855,-1.6399695721177687,-1.005921644809906,0.10856164922501198
18.86,-1.3344003006020355,-0.8593709708028656,0.07022857344630824
18.865000000000002,-1.348539045027683,-0.572231513939297,0.07144992417067797
18.87,-1.2400515408792039,-0.6445999336059695,0.06609389824314468
18.875,-1.6465739654179534,-0.7212565302991758,0.06169741489750336
18.88,-1.5825781588744072,-0.16547432903361067,0.1051861572257632
18.885,-1.2067568793758727,-0.6620097019118856,0.09633391589357125
18.89,-1.2165513805722072,-0.5221756743737289,0.1096051949569214
18.895,-1.489643884270961,-0.4763239537975377,0.14861008520573102
18.900000000000002,-0.8915542461956963,-0.49942532096161263,0.1611961988791154
18.905,-1.2593948064714213,-0.568608603701863,0.10249215536798714
18.91,-0.9740528950443712,-0.5621573016428432,0.16604980546242218
18.915,-0.4141442704168478,-0.5542381289371887,0.1638003432910189
18.92,-0.269345133994543,-0.6593643743032269,0.15242625950185942
18.925,-0.9014667300871197,-0.18355081183373442,0.17231408274782964
18.93,-0.7207795848984061,-0.5135704154839978,0.12225951481883518
18.935,-0.671369836948201,-0.4115995378874012,0.19203214446035652
18.94,-0.34618638016120745,-0.5750229258843569,0.1626358760335839
18.945,-0.8868691660522142,-0.6255867215707106,0.12177957284649066
18.95,-0.9413743598207974,-0.6947342083923396,0.11953050980361904
18.955000000000002,-0.5635161354663037,-0.8990099327014422,0.08530326491540598
18.96,-1.0205097727147427,-0.7345568843932521,0.11140798301672111
18.965,-0.8218897359719451,-0.7692750037378313,0.1032083936284258
18.97,-1.3153138159904152,-0.5064479866842089,0.08163380591713745
18.975,-1.0504137350608609,-0.7562366750068681,0.13125592502408262
18.98,-1.3750449387194112,-0.5445671397913101,0.14508114118231813
18.985,-1.2505960527717823,-0.43469646509236276,0.11757832331442314
18.990000000000002,-0.8532851735655472,0.06695505709041014,0.11409716985229817
18.995,-1.057531386277581,-0.0871081026522568,0.1335241876466617
19.0,-1.1406018897234245,0.2706983659272229,0.12317727640881235
19.005,-1.2711862966042495,0.45593231011749513,0.09624626262760598
19.01,-1.2106359057316127,0.3908940170431022,0.10169142774187183
19.015,-1.1624706455734188,0.27327751470549955,0.10300395170520726
19.02,-1.0867354859724045,0.29925570278024716,0.10683277705992954
19.025000000000002,-1.927005330545262,0.614346252519756,0.09123529396282379
19.03,-1.6072257554539995,0.3056903866009996,0.08587731193160775
19.035,-1.4437844989386777,0.5278743654259499,0.03617076873302651
19.04,-1.5245573356911926,0.48477727614087945,0.08038276116688946
19.045,-1.4146481398975246,0.528061333250741,0.06053050729272179
19.05,-1.4084849696021353,0.5566071656128142,0.11905221991145475
19.055,-1.4615840167262049,0.3776747635224294,0.05220094715487331
19.06,-1.4073004178712432,0.3875512085088416,0.07374271873146712
19.065,-1.217096631058973,0.6310870158145886,0.1395079332732245
19.07,-0.7673808534974449,0.4316052359733862,0.0861260354973021
19.075,-1.0030707855951828,0.10662456505814444,0.08856426812877563
19.080000000000002,-0.6901626907767793,0.5475886028535727,0.07482260974988876
19.085,-0.47267050687631235,0.2684323192398445,0.13990864498380756
19.09,-0.02752764142549245,0.4463852294168473,0.08096527837943439
19.095,-0.2941882419455897,0.5625398820247545,0.11974844702910563
19.1,0.07959312002155251,0.38378789167561456,0.09809046831814298
19.105,0.21531390228396882,0.571992863000037,0.10252258877476504
19.11,-0.010915899943447164,0.538191924858356,0.07051352528395632
19.115000000000002,-0.01600880782483027,0.8530567935046396,0.13231230238529895
19.12,-0.03409195751635842,0.6081967801525112,0.09236703328496955
19.125,-0.02415002259676344,0.8853939025871869,0.07028977108586466
19.13,0.2009326917971326,1.093700313734613,0.1303893806913312
19.135,0.056189862701301545,1.0534754449519146,0.0941815571592093
19.14,0.05071774222239329,1.283585293374207,0.12125110412910271
19.145,-0.23727536569618426,1.0568885330178888,0.14249863901481533
19.150000000000002,-0.19100911189858577,1.3646050654113813,0.14439097953417404
19.155,0.4950624735902752,1.2942870291019568,0.0924295202758985
19.16,0.028397537837053906,0.9364496777864145,0.16977228687978507
19.165,-0.06759161865868074,0.8687072377291437,0.15875184899358774
19.17,0.4323366685905599,0.8573604333984416,0.1582698676500106
19.175,0.2087558966640674,0.43330004528106986,0.16508496408156753
19.18,0.28212517406345644,0.342891359940142,0.1283187711348741
19.185,0.1249128515920345,0.6464254839640131,0.165965761965873
19.19,0.06669787096307758,0.45840142786012983,0.12264246423802877
19.195,0.06492304372714809,0.33984190834688804,0.13963901741704557
19.2,-0.23791491167391388,0.31989383859973236,0.14133970233928372
19.205000000000002,-0.010099775224621587,-0.08122396848839175,0.15477631681440923
19.21,0.025689159438045298,0.15479257747117398,0.10377230373491086
19.215,0.32148115713351916,-0.0038921176085285614,0.152263285936652
19.22,-0.07334860823775168,0.1542436401365554,0.13785685250462215
19.225,-0.5837260054699435,0.09984126580308834,0.10495932847086452
19.23,-0.07010843066804155,-0.002301248676949711,0.08976139714970192
19.235,0.6018198973712005,-0.04169925955495787,0.08319067505471421
19.240000000000002,0.30047067787685305,-0.29045108864094477,0.12425509137073534
19.245,0.06914928731945597,0.050479085036254874,0.10014018028474703
19.25,0.5176038949179619,0.12220613789563604,0.14282748347011687
19.255,0.397001871664816,0.2814232991304321,0.09338042386596265
19.26,0.4360511447578453,0.46740737057366455,0.07977080207160978
19.265,0.8164837739509934,-0.03127495898855188,0.0950785280137079
19.27,1.0633783171826205,0.15474388377674744,0.059978335911390124
19.275000000000002,0.776745791185542,0.06475553574663405,0.06122680433300645
19.28,1.037486828550281,0.11169762704385246,0.06867182799120315
19.285,1.362201049106948,-0.027634851113081053,0.033538786001504575
19.29,1.320487165096263,-0.2023335573893539,0.020513937726207184
19.295,1.5120654250947165,-0.17248604324926714,0.011834547304763002
19.3,1.1656118168871303,-0.6139633740486032,-0.04034935299181292
19.305,1.557195051871368,-0.7282360161529603,0.003780508052567002
19.31,1.1214270111502247,-0.8225207111368135,-0.003634145793153814
19.315,1.6900965767331662,-0.7975459890265091,0.013640991916500592
19.32,0.9403110636684464,-0.9636621144382169,0.00824111909784579
19.325,1.0463240567519259,-0.8232164871030737,-0.00912289509918724
19.330000000000002,1.3497227425048302,-0.8562773753967075,0.020619964754155843
19.335,1.605149548794333,-0.9588996948920973,-0.011095487368407472
19.34,1.3126541956113011,-0.7434339987896792,-0.001148936554470123
19.345,1.3636072419394552,-0.8977320988246986,-0.019088893293869626
19.35,1.2431295662080337,-0.7629929691865132,-0.007786849072661733
19.355,1.0090529200388736,-0.9573431029331319,-0.0355863771163223
19.36,1.1005244728285266,-0.9354605354413729,0.003131121041286762
19.365000000000002,0.9083519622346727,-0.990883815950636,0.0035624331308582538
19.37,0.8392916943034681,-0.8646488261365735,-0.029999624174927356
19.375,1.1270993578278743,-0.6879651559038321,-0.01884467883576728
19.38,0.7175333723985543,-0.7491081570862891,-0.09257766558108092
19.385,0.9332425990304646,-0.5094151519059338,-0.0882564426911068
19.39,0.49342845028391175,-0.5907571308344226,-0.05793805184012222
19.395,0.7470176164848744,-0.2800482824251558,-0.04240411061134376
19.400000000000002,0.5059316538951633,-0.40952952177705376,-0.03932333969785213
19.405,0.8581531623145884,-0.1869255927773804,-0.06382702638038949
19.41,0.6014935771823197,-0.31826986206501107,0.010466405000546
19.415,0.8008999303098958,-0.16877213319059817,0.041343185110023585
19.42,0.4115736361098978,-0.6280947966051926,0.02603067291928733
19.425,0.6495610934016013,-0.7673493530952187,0.023869482471343326
19.43,0.5171000990557432,-0.7355902207903594,0.0033402122795512974
19.435,0.7443767521830936,-0.9143196537334469,-0.024629953565776578
19.44,0.891462151284046,-0.9547360839106673,-0.008021975731901056
19.445,0.9064489168497387,-0.6779625906132456,0.03371483420669598
19.45,0.9059221301652224,-0.7376832061958518,-0.029805555555561077
19.455000000000002,0.9494919818365194,-0.7480750480736407,-0.03731077142992834
19.46,0.8131253125387331,-0.6597215222709063,-0.004178304157653186
19.465,1.1199328209078876,-0.6059847904774232,-0.003963295183360388
19.47,1.482433112779453,-0.20693162636593423,-0.05040438955016224
19.475,0.9819428398086282,-0.4678612837101056,-0.0337588200728451
19.48,0.9810186610403772,-0.4835389456803118,-0.03507479643369848
19.485,1.5859568059717812,-0.12338176768713849,-0.016826964324499646
19.490000000000002,0.9857674479162494,-0.20361630559325708,0.011789371447176431
19.495,1.1021603352163125,0.18461965325738963,-0.029970058151512557
19.5,1.0829937996151289,-0.09206476306823547,0.014961964796571418
19.505,1.004691570785253,0.20352761448114992,-0.010561916601916993
19.51,0.463883591704922,0.3547628028581807,0.03593923124457834
19.515,0.6741291184965831,0.25586132934420003,-0.019774835627696215
19.52,0.32055850631199945,0.35016916203630827,-0.0407991032134674
19.525000000000002,1.1355286518302936,0.6703469643025,-0.03813046781299732
19.53,0.22088124672801115,0.7305619894806374,-0.07331313591842409
19.535,0.2812052306418349,0.49724564169061625,-0.12097338080028626
19.54,0.21716238991538384,0.5416116135724793,-0.09674792008413655
19.545,0.04125938523033314,0.3073980311199052,-0.10720571023929938
19.55,0.5556862557630505,0.6806071126868645,-0.14601464193184394
19.555,0.6749625525007056,0.4722616275586698,-0.11527635439430599
19.56,-0.06594535926008874,0.3954537820375452,-0.16444388831480775
19.565,-0.37739033279302686,0.10182722598236328,-0.12485975061379456
19.57,-0.7068274755759743,0.13351054347145602,-0.11077735317185755
19.575,-0.4104731450445577,0.203497152963675,-0.11401426580039811
19.580000000000002,-0.5421696241146601,0.19536518039618436,-0.1266777804979362
19.585,-0.7096379679850715,0.358602721392005,-0.12152797613895068
19.59,-0.5927274480381404,0.49963089776056246,-0.142542488294236
19.595,-0.5940326044363533,0.8242729017934022,-0.13086324272599667
19.6,-0.6150430267439222,0.5879513644512036,-0.13870846031945147
19.605,-0.7253042508254464,0.8237576178523524,-0.17150072336280822
19.61,-0.838747924288793,0.6087904186712679,-0.15499650357515168
19.615000000000002,-0.38543690983723544,0.5312401643406817,-0.16546814991035783
19.62,-0.43509710784995487,0.7448822512838673,-0.18424500189551057
19.625,-0.15378331624983838,0.5886781387829273,-0.1299381333157986
19.63,-0.08517076527384904,0.8347168223376069,-0.19312784768193583
19.635,-0.4810871176988084,0.7468757427690569,-0.19616427820009336
19.64,-0.42799893450301474,0.6137564183445284,-0.19601494658236313
19.645,-0.2527016293676902,1.1724800546876986,-0.2025447217736229
19.650000000000002,-0.3140470640267273,0.8906282641235947,-0.15539190325959296
19.655,0.04829040012606756,0.7644757524358162,-0.17815024843247454
19.66,-0.08653258306150863,1.1300202015195917,-0.16602163346833748
19.665,0.005150995725515526,0.8782320182816361,-0.15697118080280598
19.67,-0.22587507890202294,1.0750812286104103,-0.16085169622044626
19.675,-0.3532946689575689,0.7206336872344985,-0.1744422378984231
19.68,-0.22887370098105073,0.6175998284239274,-0.14222867371986087
19.685,-0.4661956398875728,0.5904348930397039,-0.1109081769593452
19.69,-0.6240589317360788,0.46654480201127424,-0.12812890532487048
19.695,-0.3836657852645993,0.34192083413940566,-0.0981156423154386
19.7,-0.7255440783688226,0.09633058677174403,-0.11859232589275646
19.705000000000002,-0.8573563538876318,0.09467019006582804,-0.1240884490181616
19.71,-1.009236750607607,0.07748813959083513,-0.09036346233212605
19.715,-0.7189149508509542,-0.007476177672049233,-0.13229518489032732
19.72,-0.6490021638934211,-0.03190172104692513,-0.12146598291421104
19.725,-0.9776988094263628,-0.1714146931145456,-0.11378437697699473
19.73,-0.7542490995475061,0.16704404965053116,-0.06621345076024662
19.735,-1.5340884375044426,0.13194622028918854,-0.0903595945219724
19.740000000000002,-1.2179725469913347,0.09428648278060944,-0.09388983586786254
19.745,-1.3160912016801387,0.33730281111827226,-0.05452885911572777
19.75,-1.567412421058668,-0.061192655822913083,-0.07922570375776658
19.755,-1.0043676002425979,0.3375330697021182,-0.04231290585123081
19.76,-1.6167418339874147,0.058987565913236645,-0.04301833668191641
19.765,-1.7597465103173224,0.06192754578277382,-0.05817722639548719
19.77,-1.7111550858871831,-0.07820886783694855,-0.04419107636288878
19.775000000000002,-2.156967786376531,-0.28896213273584037,-0.09790433315590118
19.78,-1.8704914144813247,-0.09832064939084718,-0.06579554752252254
19.785,-1.4433168674801455,-0.05483431658229486,-0.08691729172049195
19.79,-1.7012160542900334,-0.03718360856985837,-0.01445546705290377
19.795,-1.6319926143868717,-0.20707298780360536,-0.08147229336912197
19.8,-1.0455247110459802,-0.5584013134584804,-0.10048802765510742
19.805,-0.8997478128740624,-0.5638800647010506,-0.11790583399141266
19.81,-0.9365193226580755,-0.1796964648824744,-0.0521660602390393
19.815,-1.014376694992592,-0.7627563665076821,-0.08671140842622921
19.82,-0.8558034473143106,-0.5527273241520282,-0.09233680960391058
19.825,-0.886676524921933,-1.0207104439804815,-0.061700349700520886
19.830000000000002,-0.8639068345060362,-1.0248435183634166,-0.051552369938477526
19.835,-0.8378717728584487,-0.9833669891912409,-0.05128385470186281
19.84,-0.7350938758761499,-1.2141784392997255,-0.06766237679517317
19.845,-0.8329368255701577,-0.8549157224698491,-0.06911626413311474
19.85,-0.9696411412785083,-1.0086421488169377,-0.07456959895565185
19.855,-0.6210938778681214,-0.8647953359991445,-0.08108360569611602
19.86,-0.6515514658170237,-0.8630311427317084,-0.08885611728581384
19.865000000000002,-0.36812330264904164,-0.6286214960929353,-0.08284215867849683
19.87,-0.8948420160167966,-0.40911068378014087,-0.11557621399534516
19.875,-0.6991183572793349,-0.5834781352060577,-0.14226291513715084
19.88,-0.6945705895423055,-0.2813172571382117,-0.12987811609853173
19.885,-0.805179468137584,-0.5961903242137458,-0.10901146961629206
19.89,-0.5760086458415381,-0.4053636816245778,-0.16553820380954665
19.895,-0.5521739614251553,-0.4562501557773975,-0.15971876192347942
19.900000000000002,-0.6344581313869379,-0.6877516558879742,-0.0888480870318037
19.905,-0.7542269380433778,-0.5117310717545387,-0.06607456854658562
19.91,-0.7834592216409832,-0.5350786795607221,-0.12262411409724497
19.915,-1.0205401284742937,-0.6413768317209049,-0.08286808782463222
19.92,-0.9356756439457863,-0.4516251834413029,-0.08845604768607884
19.925,-0.9424449339302403,-0.4659882074508193,-0.08114210509915257
19.93,-1.1017955002535262,-0.4927950389009661,-0.06591454222089378
19.935,-0.81987268720789,-0.5053974788566415,-0.10316525083594823
19.94,-0.7023717970825271,-0.5405425648503708,-0.0997495281183235
19.945,-1.1799556260345225,-0.6274099371118109,-0.08204229033047712
19.95,-0.9311050436569782,-0.610834707223379,-0.07881562073427457
19.955000000000002,-1.1892204720197008,-0.7713263323871584,-0.10051943653881451
19.96,-0.9782898739296713,-0.33746322262431694,-0.051937265859767164
19.965,-0.9721479132870908,-0.9105445472751114,-0.07358072017657125
19.97,-0.5766668697068148,-0.7539784633752914,-0.064027250561116
19.975,-0.7037166508616095,-0.6588518292409302,-0.03513853943451012
19.98,-0.17683781056527412,-0.1756322399682274,-0.03029708684216325
19.985,-0.2680178098422125,-0.49413078992907866,0.007997282422407163
19.990000000000002,-0.17529437023531322,-0.0763274879733413,-0.01771394201223204
19.995,-0.13285624739915056,0.0704369622782706,-0.013786303177399341
